UUID, Fullname, Gender, Birthday, Class
0522f084-a4b1-4b51-bfe8-49483ed3895b, Đoàn Anh Sơn, True, 3/11/2001 2:34:26 PM, 11A1
2dd55a7c-919b-4fc8-bca9-b5a939c68d4c, Lê Minh Thanh, False, 8/27/2001 5:18:13 AM, 11A1
ba322570-5a8e-4896-b175-879af1acfffc, Trần Thảo Trang, False, 2/6/2002 12:51:16 AM, 10A1
ab87d2e5-a5b3-44a1-8ff3-8998c137fc65, Đoàn Hoàng Bảo Duy, True, 5/25/2001 8:02:32 AM, 11A1
8e38fe3f-f04e-4fe7-9e26-69ec96d5f000, Võ Trúc Trang, False, 8/13/2005 10:58:37 PM, 10A1
75239c4f-5561-4347-9273-a81dd404814d, Nguyễn Thiên Dương, True, 1/24/2006 4:22:43 AM, 10A1
a3c38fd7-d7a1-4c67-a78c-bccc4c162d12, Võ Ngọc Thanh, False, 5/30/2002 11:34:51 AM, 10A1
fe291d85-5d8f-4f04-83a3-b4e0efe3fe97, Nguyễn Hương Vân, False, 4/28/2001 10:01:12 PM, 11A1
e10b0ffe-5999-4519-ae06-bc355e68df23, Trần Minh Giang, False, 10/27/2001 5:27:55 AM, 11A1
619b87cc-b9be-45c5-b8b8-b6d3ddd47a09, Nguyễn Việt Hùng, True, 12/1/2004 3:39:27 AM, 10A1
d0c8d47d-bb38-4a03-a99b-11c6d95b8d66, Phạm Thiên Hưng, True, 3/9/2002 3:53:07 PM, 10A1
c7aa05b0-2fac-4ba0-a753-e449b760cdbb, Đặng Hương Thanh, False, 9/12/2005 11:28:30 PM, 10A1
91607611-c869-4894-a766-a60d08a8f2c7, Lê Văn Hưng, True, 7/22/2000 3:18:35 PM, 12A1
6479f9db-5e3e-4902-a0f6-d39bfcbd51ec, Võ Việt Duy, True, 12/3/2003 10:00:22 PM, 10A1
508f1cbd-d18a-4366-87b9-28024bb41bd8, Nguyễn Minh Phúc, True, 9/22/2002 7:20:59 PM, 10A1
24e59b36-de63-410b-86b6-9a9dfbec7718, Nguyễn Ngọc Hương, False, 11/7/2002 6:49:20 PM, 10A1
c8acf249-1e3a-4772-b37a-d66f936e1155, Hồ Minh Châu, False, 2/27/2005 10:14:30 AM, 10A1
898d5822-9c6f-4b86-b37a-cbf9ddc6450e, Nguyễn Hoàng Bảo Phúc, True, 9/28/2004 2:52:54 AM, 10A1
ead134ba-6dfd-46fb-9167-6014171bbe3a, Lê Việt Dương, True, 2/4/2002 1:44:00 AM, 10A1
91495731-c73e-4fc0-9ab3-633fdddad7d7, Lưu Đăng Đạt, True, 11/12/2004 3:51:22 PM, 10A1
a69dedd8-6da9-4d83-98bd-adb724a42749, Trần Minh Hương, False, 7/29/2002 4:56:25 AM, 10A1
9e78a1bb-5964-4692-8bc7-41f941966339, Lưu Hoàng Bảo Huy, True, 11/2/2000 2:40:34 AM, 12A1
fbc3148d-620c-4a6e-8fc5-04f5ec500f3d, Nguyễn Thái Dương, True, 9/17/2003 11:28:07 PM, 10A1
0a765997-8602-4f95-8f42-10f8dc104a4e, Đặng Anh Đạt, True, 5/9/2002 4:15:44 PM, 10A1
0fab7356-1f37-42a2-b1bc-115c9ad6290f, Phạm Văn Đạt, True, 12/7/2002 10:51:07 PM, 10A1
6bb37e63-d431-4953-8230-e048504539df, Nguyễn Thái Sơn, True, 1/26/2002 1:09:22 PM, 10A1
9caceea8-0bf6-41a6-8805-5c711132f88f, Hoàng Đăng Khánh, True, 9/30/2001 12:35:59 PM, 11A1
d34e1678-dce7-4fd4-a120-ef46b03be288, Nguyễn Anh Duy, True, 7/29/2005 10:41:31 PM, 10A1
606caf0a-85a7-418d-9d9d-22e9d1d70cfc, Phạm Thị Thanh Linh, False, 4/18/2003 8:50:04 AM, 10A1
3353a27f-fe2d-4355-9823-aad2c94cd523, Lê Thị Thanh Hương, False, 7/8/2002 4:15:13 PM, 10A1
25e53d4d-9c47-4818-86b4-65572f780bca, Phạm Thảo Ngọc, False, 6/20/2006 3:06:29 PM, 10A1
8d992477-342c-4f00-a340-f82e24ed37f4, Đặng Minh Duy, True, 7/19/2006 8:04:37 PM, 10A1
3dd67fa3-6eb1-47a7-ad7d-40562be4da5a, Đặng Hương Thanh, False, 5/6/2000 3:37:26 PM, 12A1
c3d7af87-a8e4-4f09-96be-b15646895a20, Trần Gia Anh, True, 7/26/2000 10:07:10 AM, 12A1
1fb7773d-f906-434e-8bce-6b2087c6e2ca, Hồ Thu Linh, False, 8/30/2003 3:35:00 AM, 10A1
f1f0d5a9-89a1-4040-9491-5e69054fb7cc, Đoàn Ngọc Phương, False, 9/14/2003 11:06:18 PM, 10A1
a6e430e5-0de9-4383-bec5-b903e2add526, Đoàn Thiên Phúc, True, 9/20/2001 6:48:21 PM, 11A1
5e193376-aa8a-41e4-8f6c-5f28d3909f65, Đoàn Ngọc Giang, False, 7/8/2003 7:06:03 AM, 10A1
cee0f860-94a2-48ba-a6dd-5788ae24f1fe, Lê Trúc Vân, False, 2/27/2001 12:48:20 PM, 11A1
b22d93ba-1b29-4ab8-9fc3-03cb6c846ea1, Đặng Mai Nguyên, False, 2/7/2000 4:53:31 AM, 12A1
df2841ff-17f6-4810-a2da-6318a1126c3e, Hồ Hoàng Bảo Đạt, True, 8/12/2002 1:26:09 AM, 10A1
8dd88d55-6167-46ae-b920-dcef2305b834, Nguyễn Xuân Thư, False, 7/27/2002 1:06:34 AM, 10A1
70418160-de6c-4e03-b29a-3e96230b8cb5, Lê Thảo Ngọc, False, 10/31/2004 5:24:28 AM, 10A1
d53f3b14-79e4-4437-babd-9a8951ee6871, Trần Thị Thanh Phương, False, 2/18/2006 8:03:12 AM, 10A1
5c4cf9c6-7af2-4c84-832e-48188fff4837, Nguyễn Thiên Anh, True, 1/1/2003 12:32:52 PM, 10A1
a323547a-fc39-40c1-8adb-e5326d601486, Trần Thảo Giang, False, 5/10/2005 11:08:27 AM, 10A1
6d166268-9907-4407-9d8b-2a7c1349fb0d, Nguyễn Thái Hùng, True, 2/6/2004 4:44:01 PM, 10A1
77eb4b9c-8d6c-4b84-aa77-dfb72cac9c3b, Trần Xuân Dũng, True, 9/29/2006 6:39:58 PM, 10A1
8faf8fb6-0a36-494d-a9a0-2c17a0e92ca6, Lưu Xuân Hà, False, 2/11/2005 8:02:18 AM, 10A1
dfc2ca8e-b6eb-4f39-8aad-51e18581f5dc, Lê Hoàng Bảo Bình, True, 10/23/2006 1:46:55 PM, 10A1
4ad98b47-2564-41a4-9c07-08c939dd43d3, Lê Việt Đạt, True, 11/25/2005 2:56:04 PM, 10A1
5b1c37bb-e8ba-472c-b730-93df580cc668, Nguyễn Ngọc Uyên, False, 7/31/2001 11:49:13 AM, 11A1
9c73e305-07f6-438c-8e5f-f9b6846616a1, Nguyễn Hoàng Bảo Long, True, 7/11/2002 3:36:30 AM, 10A1
c8cd9ebe-7fff-4fac-9bc3-9a2c24dd7b12, Nguyễn Văn Hoàng, True, 5/17/2002 9:22:07 PM, 10A1
ce0ee98e-59f1-4ca6-93f6-f069bd752cf3, Nguyễn Thảo Hương, False, 11/28/2005 11:36:06 AM, 10A1
8d949002-1970-459b-8efe-41dc1ff22c8b, Võ Hoàng Bảo Long, True, 6/22/2006 9:13:12 PM, 10A1
e4ccd993-afb7-47bb-8530-e3b1f0e528e9, Võ Xuân Nguyên, False, 12/13/2002 3:14:20 PM, 10A1
0f1fda6f-9789-49a6-9686-92aa094ac458, Nguyễn Thảo Châu, False, 5/21/2002 9:40:37 PM, 10A1
e3fde4db-ab34-462d-8dae-b08cdbcb242b, Hoàng Thị Thanh Thư, False, 1/17/2001 11:30:43 AM, 11A1
6740c0b6-0d4f-4076-b370-d4e62dee7d0d, Nguyễn Trúc Uyên, False, 8/23/2001 9:55:44 AM, 11A1
af5cc9b6-ec16-4060-873a-e8e5eeced31c, Nguyễn Xuân Thư, False, 3/1/2005 10:45:02 AM, 10A1
b2ba2397-a7bf-4fe6-8d7e-574819173801, Đặng Minh Duy, True, 9/13/2001 3:01:27 AM, 11A1
a29150ef-83e8-404f-9370-2d91e12d86c0, Hồ Thiên Dương, True, 4/12/2001 4:29:52 AM, 11A1
08863adc-1470-4e88-bcf5-f7633d5e1e24, Đoàn Thu Hương, False, 10/19/2003 8:29:01 PM, 10A1
50203181-8d33-4ab2-90f5-8085ca52b25f, Hoàng Xuân Giang, False, 12/10/2005 11:56:39 PM, 10A1
54fbd51e-4b54-48e7-a30e-435ae22ffa7a, Nguyễn Thái Phúc, True, 2/16/2006 1:03:09 AM, 10A1
6d670679-4056-4d07-a0fc-dec35e3af311, Nguyễn Anh Dũng, True, 3/14/2000 11:27:08 AM, 12A1
a3399419-b38e-4b0c-9996-3becaff96049, Nguyễn Ngọc Hương, False, 7/18/2006 12:45:18 PM, 10A1
9ce10eb9-8d5a-46e2-9860-2263a5522364, Lê Trúc Vân, False, 3/9/2004 5:00:39 PM, 10A1
6f938fdb-4d53-4764-9016-9fceb10f7aa6, Võ Xuân Anh, True, 4/23/2001 8:03:10 AM, 11A1
f44875db-3d6b-4630-a840-cf82e2e88666, Trần Thái Duy, True, 6/17/2006 7:42:17 PM, 10A2
e0a26f94-413a-4e5b-a6d3-33066bde0306, Đoàn Thảo Phương, False, 11/27/2001 5:00:41 PM, 11A1
c978cb13-4129-4738-a342-321b1cfa5851, Võ Thu Ngọc, False, 5/5/2002 11:05:03 PM, 11A1
d9b639f8-1208-4d04-b2e9-da5de327def4, Phạm Thiên Khánh, True, 9/24/2005 9:34:39 PM, 11A1
3a602a4f-d649-4afb-beb9-52b5e499e25a, Nguyễn Thiên Huy, True, 8/18/2000 12:18:42 AM, 12A1
e65f8465-46f7-4e9f-82ad-f7c4993c3b98, Đoàn Xuân Giang, False, 3/4/2003 11:50:18 AM, 11A1
d5637258-7e50-4d0f-87e0-ff1a2ce31269, Võ Thị Thanh Nguyên, False, 2/23/2006 9:24:46 AM, 10A2
15c29565-9755-4ec3-9411-5acc8e05a88a, Phạm Thiên Đạt, True, 2/7/2004 4:24:18 PM, 11A1
2d97725a-87c4-4c43-9aff-53a9d21d4fe5, Đoàn Thái Duy, True, 5/28/2006 9:01:33 PM, 10A2
2546b452-b066-4bb4-b01d-c3058b3da681, Trần Thị Thanh Vy, False, 4/27/2004 7:13:47 AM, 11A1
37eaf017-f48e-4303-a413-c6206aa35f56, Đoàn Văn Nguyên, True, 2/24/2006 5:33:36 AM, 10A2
ad96ed25-0293-4d08-b921-7b872d919932, Võ Thị Thanh Nguyên, False, 1/19/2003 9:12:59 AM, 11A1
655ba2de-d5dc-4cfd-afbf-022e4d4b032f, Lê Hương Nguyên, False, 2/5/2006 12:33:51 AM, 10A2
ab0889f1-32fc-4344-9ca9-d5373052bb86, Trần Thu Thư, False, 10/14/2001 7:17:37 AM, 11A1
7d6b0836-d6a2-433a-a911-2431c0fa1955, Hoàng Thiên Long, True, 10/8/2004 10:23:39 AM, 11A1
373a496f-08ce-4ee8-9d57-b0e006fc1f34, Nguyễn Minh Long, True, 4/5/2005 12:57:41 PM, 11A1
ba4a24ca-5956-4fa4-a31d-cfe19b26f757, Nguyễn Minh Hoàng, True, 7/14/2004 4:48:28 AM, 11A1
5d9c16c5-5de6-4297-bfaf-c324cdc74957, Nguyễn Phương Châu, False, 11/18/2004 11:06:46 PM, 11A1
7fbc7f19-f4cc-4fc8-8c95-c52b5e4629d6, Lưu Thu Thanh, False, 12/22/2001 7:32:27 PM, 11A1
e8e13c8d-da68-49fa-9b6d-63c0ca7845b6, Nguyễn Phương Giang, False, 9/28/2006 8:29:02 PM, 10A2
5100eadb-9d04-4593-9c43-0b553761fc20, Lưu Hương Thanh, False, 8/9/2001 2:19:20 AM, 11A1
6155e6fe-a2b2-4f7c-aa44-2254c4f53e6b, Nguyễn Việt Long, True, 7/21/2000 11:06:19 AM, 12A1
46e245e5-50b3-4f5c-82b5-4cf7352735a7, Đặng Hương Phương, False, 2/14/2000 10:44:22 AM, 12A1
0eff55a2-6e2f-4c22-a65c-cb3e76736e41, Lưu Thảo Ngọc, False, 12/6/2006 9:36:42 PM, 10A2
9844fa72-6935-45ca-9857-c6fa7212b192, Nguyễn Thu Thư, False, 9/4/2005 1:22:47 AM, 11A1
1e69698b-cbf7-4e1e-962f-46d5a2ec70dd, Nguyễn Thái Thành, True, 4/26/2000 6:33:07 PM, 12A1
846cae84-3cd5-4a40-8ce3-eed55cc3c427, Nguyễn Việt Hùng, True, 4/14/2000 5:29:21 AM, 12A1
c9c5dd57-dad8-4d45-980a-e25d5517d108, Trần Hoàng Bảo Khánh, True, 5/13/2005 6:37:39 AM, 11A1
5801a7a8-f8db-4325-b87e-ec78f22a6ec1, Nguyễn Hoàng Bảo Sơn, True, 7/22/2005 9:40:12 PM, 11A1
0fe64fce-a1fc-43eb-b69b-8f55039fd8af, Võ Thái Hùng, True, 3/9/2004 3:54:12 AM, 11A1
c0b283b0-aaa0-4b13-b0cf-427203994e82, Đặng Việt Đạt, True, 6/5/2004 11:59:01 AM, 11A1
cc1eb8f2-ac9e-4693-a76e-0739528350ed, Phạm Xuân Hưng, True, 11/2/2000 1:27:26 PM, 12A1
64dee710-23bf-4888-bba6-0deb4129a804, Võ Phương Vân, False, 11/3/2005 5:15:19 PM, 11A1
b4b95265-fd26-433f-a60d-490a17348825, Đặng Xuân Anh, True, 2/17/2004 3:09:08 PM, 11A1
51f09da4-2a11-43aa-a182-db7ed85c1af0, Trần Hương Vy, False, 10/24/2004 3:08:41 AM, 11A1
e5f699e1-72d2-472b-b401-dffbbaf35f7f, Nguyễn Thiên Nguyên, True, 8/1/2002 10:03:27 PM, 11A1
7e0e13af-8d06-4af7-8c13-b4ed48c4473c, Hồ Phương Hương, False, 5/25/2002 10:41:27 PM, 11A1
770e7039-9dc5-4913-9030-85471bf7c20f, Đặng Anh Long, True, 5/18/2001 3:56:02 AM, 11A1
3a7f008a-b659-4cef-b93d-9814393b8186, Nguyễn Minh Nguyên, False, 10/20/2000 8:24:11 PM, 12A1
4f92c5de-d060-4962-b363-3bc88fadaf4e, Nguyễn Xuân Lan, False, 2/12/2005 11:03:23 AM, 11A1
8e87b99b-de6f-4db0-b6c8-201d97f59f6e, Trần Minh Trang, False, 5/2/2002 3:48:18 PM, 11A1
1070fa70-efb1-4161-bcfb-f936f763f183, Nguyễn Mai Vy, False, 9/30/2001 1:49:48 PM, 11A1
40f5354e-7b82-4132-9d8f-c2a19e1d47e0, Lê Xuân Giang, False, 10/12/2006 9:11:08 PM, 10A2
ba2b3bbf-9108-436c-ae25-77cc0f28f294, Võ Văn Phúc, True, 4/14/2001 3:42:37 PM, 11A1
19b22635-a899-4551-9e3f-4e2304940e67, Hồ Bảo Vân, False, 1/4/2000 4:04:39 AM, 12A1
1eaf12eb-3ca1-4382-8653-96cc6bd061b4, Võ Việt Thành, True, 4/12/2000 5:32:14 AM, 12A1
9653b5ef-f2fd-43c4-8df0-78cf340df7d3, Võ Thảo Giang, False, 6/20/2001 4:16:33 AM, 11A1
9e275cc0-e8a0-4468-bd8f-dcf2bef4e9c1, Lưu Thu Lan, False, 12/4/2001 6:37:03 PM, 11A1
e60eb209-2e83-4469-999b-92ab2a41089d, Nguyễn Xuân Hương, False, 11/13/2000 5:31:24 PM, 12A1
45e38f06-aa39-4c7c-9013-afc596bd512b, Trần Văn Huy, True, 2/5/2002 4:21:33 PM, 11A1
019d1378-c143-49d5-b0ea-a10ef905f5a8, Võ Minh Dũng, True, 6/11/2002 2:00:51 PM, 11A1
fbec55fc-c3f1-4454-b568-004fc76f9beb, Võ Ngọc Khánh, False, 6/25/2005 5:37:12 AM, 11A1
e9c7d461-2899-4e68-9201-28e226f10a96, Võ Thị Thanh Châu, False, 10/1/2006 1:15:42 PM, 10A2
ecc325ba-1148-494c-b696-2991d8716844, Đặng Thảo Khánh, False, 2/20/2001 4:02:14 AM, 11A1
38e1ce84-7d30-4f83-9697-1bc5bab49698, Nguyễn Gia Dũng, True, 7/13/2002 4:42:21 PM, 12A1
e4961a4a-9022-422d-a3ae-ca5ee85c8b20, Hồ Đăng Dương, True, 10/29/2002 7:54:00 AM, 12A1
5be4da1e-b932-4135-bb07-e8b6e1a8aefa, Nguyễn Thái Huy, True, 4/6/2000 11:24:43 PM, 12A1
3d214dff-be2d-4361-a189-165d60a15a49, Phạm Mai Nguyên, False, 12/18/2004 11:32:22 AM, 12A1
2a0009fa-b1dc-4f02-af31-e35b5486e756, Đoàn Xuân Duy, True, 3/4/2005 6:11:21 PM, 10A2
e6d08bdb-d645-4eb9-8587-80ea95ef5f2e, Lưu Anh Dương, True, 12/31/2005 6:03:56 AM, 10A2
5df21c47-3590-476b-8c82-497e4302d0a5, Nguyễn Trúc Giang, False, 9/27/2006 11:26:28 AM, 10A2
cdc31828-d34f-4d53-b892-23080040c298, Hoàng Gia Duy, True, 2/26/2002 5:12:15 AM, 12A1
e881ccda-1ee9-4c79-853d-a1ac37e5414e, Đặng Việt Thành, True, 10/22/2001 2:12:06 PM, 12A1
21659d45-5a56-43a6-8c8c-9f90ba82f072, Lê Gia Huy, True, 9/18/2002 3:47:21 AM, 12A1
59db371e-abf1-443e-8fa3-ac84b9675754, Nguyễn Thái Khánh, True, 1/1/2002 2:59:29 PM, 12A1
8da32b72-4437-4ec0-bbac-e4422e3141d2, Hoàng Thái Hùng, True, 8/8/2002 4:14:09 PM, 12A1
06cf0a59-45de-4ec4-a999-4e3eccb3b9dc, Đặng Trúc Uyên, False, 2/25/2001 6:19:40 AM, 12A1
2a3fe447-7ad8-4014-ae69-718733928818, Lưu Xuân Châu, False, 7/3/2005 5:45:40 AM, 10A2
c7b491b1-c4a3-4b29-b7ac-5602f2574d09, Lê Thu Uyên, False, 3/3/2003 10:23:52 AM, 12A1
1f9678b2-5ea8-4719-be8a-ecccf6d7524c, Đặng Xuân Khánh, True, 2/11/2005 1:21:48 PM, 10A2
f3226957-97ed-4ca4-a46f-85b9a7e2218b, Võ Anh Khánh, True, 12/23/2002 11:05:43 AM, 12A1
700a2a1e-8f7b-4450-afa0-43f1983059a2, Nguyễn Thiên Long, True, 7/23/2004 1:19:20 PM, 12A1
c1c3e068-9149-4905-b2a0-be2c71dda31f, Võ Văn Đạt, True, 6/25/2005 8:16:34 AM, 10A2
efa70b92-cec0-4ee4-b6a4-8d98615355b8, Nguyễn Minh Hưng, True, 5/5/2001 9:55:39 PM, 12A1
98e4d316-f950-4579-8823-85e75f51aa4b, Nguyễn Phương Khánh, False, 11/12/2003 3:00:02 AM, 12A1
1b7ec0c2-ecda-4510-b786-fb763b615cbe, Hồ Thị Thanh Phương, False, 2/13/2000 7:22:37 PM, 12A1
fb168961-7a98-44c6-a8fc-0189c5fc4ae1, Đoàn Hương Lan, False, 10/6/2000 8:24:55 AM, 12A1
16eab62f-c059-48e8-b691-a4e967fb6643, Nguyễn Xuân Uyên, False, 5/20/2002 8:43:29 PM, 10A2
ec85f0b8-06a0-43fe-8bdf-7d0bc0253af7, Nguyễn Thái Đạt, True, 9/7/2006 10:43:03 AM, 10A2
949cfdd2-4aff-42e1-8648-c2afdc75d198, Đặng Minh Duy, True, 3/17/2000 10:00:45 AM, 12A2
1225786e-8cbd-4808-ac66-9ba36b722ac7, Đoàn Hương Thư, False, 8/5/2005 1:00:43 PM, 10A2
ea6f6a12-9e2b-454c-989f-807d31ce1c95, Nguyễn Xuân Duy, True, 11/19/2001 6:09:49 AM, 11A2
7b8bbe03-a52a-4aa6-abb2-164adb12a34d, Phạm Trúc Hương, False, 3/18/2004 2:29:34 PM, 10A2
5d0af113-d1dc-4dc8-b2f2-ca0e9c63e8e0, Phạm Thị Thanh Nguyên, False, 12/20/2003 8:01:40 PM, 10A2
3d111bb8-3506-47b3-90c3-7516398bac46, Lê Gia Phúc, True, 4/27/2000 10:16:49 AM, 12A2
0ba45c16-724c-4db2-b775-56e569483468, Lê Thị Thanh Linh, False, 10/3/2003 12:07:41 AM, 10A2
ca4025e8-b000-4d03-8137-faaa17a309a6, Đặng Xuân Vân, False, 6/5/2001 8:55:52 PM, 11A2
d6f9e9c1-7742-4110-a15a-5d72262e5a2e, Nguyễn Thu Trang, False, 8/31/2002 10:12:36 AM, 10A2
c98f0585-eda6-434f-a7b4-4a3ed78ed991, Nguyễn Minh Long, True, 4/17/2002 12:12:58 AM, 10A2
88e3b488-7c52-4aa1-a1f5-ddcc7117760c, Nguyễn Phương Hà, False, 4/7/2001 11:39:28 PM, 11A2
fe360f90-fffe-4fd6-b732-affeffb2e006, Đặng Anh Dũng, True, 3/8/2004 1:30:00 AM, 10A2
1dd9547b-b01a-43d3-91a0-a13d7f0286f3, Lê Thu Giang, False, 10/27/2002 11:23:46 PM, 10A2
aa7ea442-9ae8-4b29-89c9-4b5ba1185e96, Nguyễn Thị Thanh Khánh, False, 7/17/2000 7:42:17 AM, 12A2
18026c09-6b7e-4987-b88e-7c56b11300ca, Nguyễn Thảo Châu, False, 2/19/2002 6:50:39 AM, 10A2
e5d3fc18-69db-4199-966a-69990344e4b6, Nguyễn Minh Hà, False, 4/22/2006 4:13:55 PM, 10A2
2f899b1c-d426-458c-b60f-2ccbbe8c2f36, Nguyễn Ngọc Hà, False, 11/28/2003 10:11:58 PM, 10A2
ef7a9be6-03c8-41f1-a5c8-6d8552a7a9e8, Lưu Trúc Lan, False, 9/22/2000 12:05:30 PM, 12A2
34fc5afd-8c03-483f-bc37-37a84bd239a6, Hồ Thiên Hoàng, True, 6/25/2000 7:53:13 AM, 12A2
1d50ef16-4361-415a-a733-083162a330df, Lưu Thị Thanh Ngọc, False, 10/6/2001 10:37:40 AM, 11A2
ae9f6d50-b477-4eb5-8cbf-46c8254a0baf, Phạm Đăng Sơn, True, 5/24/2005 6:52:56 PM, 10A2
3a3bfd2d-a537-487f-84ea-1044d80528a7, Lưu Minh Khánh, False, 10/14/2005 6:57:14 PM, 10A2
dc46ce21-fd79-4f5e-83b6-620f9c93ac2a, Phạm Văn Long, True, 9/6/2000 2:03:35 PM, 12A2
508a1119-e6ef-4cdc-8735-1706daa55348, Lê Trúc Trang, False, 7/17/2006 3:02:51 PM, 10A2
818737d1-b9ef-461d-b7da-70519b566f1e, Lưu Thu Hương, False, 8/12/2001 4:23:52 PM, 11A2
640057b7-9717-49bd-ad4b-855c65850055, Nguyễn Anh Phúc, True, 5/20/2001 11:43:44 AM, 11A2
d9ae2805-84fd-4b57-9b4e-7be5193c7317, Hoàng Hương Khánh, False, 11/28/2004 4:22:49 AM, 10A2
22312184-c789-49f9-8348-eee87f968607, Nguyễn Văn Đạt, True, 3/14/2001 8:49:02 AM, 11A2
6e1b2d03-ca64-44aa-8f64-05675dd145cd, Võ Hoàng Bảo Huy, True, 10/12/2006 9:27:14 AM, 10A2
4962171c-5674-440c-863d-e417f83b76e0, Lưu Thu Trang, False, 6/26/2002 1:19:46 AM, 10A2
c70c0352-53a1-45f6-bd2c-1f9f3f55fc5b, Nguyễn Xuân Nguyên, True, 5/15/2000 6:14:33 AM, 12A2
80cf7146-9bb3-4f8a-8488-1d634c20c3d2, Võ Minh Uyên, False, 11/25/2006 2:18:10 PM, 10A2
49a8d290-1432-4884-bb19-0b16c1066fc5, Nguyễn Thảo Lan, False, 8/2/2000 5:56:20 PM, 12A2
f92c739d-30ee-4478-ad61-065f4c76dcb4, Lê Anh Dũng, True, 11/13/2000 1:08:52 PM, 12A2
00205e2b-4374-4e0d-8130-f0765b4af332, Nguyễn Minh Khánh, False, 7/10/2001 1:37:47 AM, 11A2
49821515-7b62-454d-8530-be96d530ba07, Nguyễn Hoàng Bảo Phúc, True, 11/22/2002 9:11:08 AM, 10A2
121941a1-398e-4745-ba5b-2638bd743540, Lưu Văn Dương, True, 11/6/2001 2:19:45 PM, 11A2
b2135265-a453-48bf-813e-9ad15c8bf8c3, Lưu Phương Uyên, False, 9/15/2004 10:58:57 AM, 10A2
9814bee0-38c4-4cfb-a321-f55e7a019df4, Đoàn Thu Giang, False, 9/11/2000 8:39:46 PM, 12A2
3351854a-7c2e-42bc-b2f2-3b2f6db3b7f0, Nguyễn Anh Đạt, True, 7/12/2002 3:43:48 PM, 10A2
6b9599f3-a214-4485-bfd6-64a7f0ddbbdd, Hồ Đăng Phúc, True, 7/16/2006 12:22:55 AM, 10A2
59407301-15c6-407c-8726-9f212c629564, Hồ Đăng Phúc, True, 4/7/2001 5:50:51 PM, 11A2
d1ff53e1-6b33-46a8-8e16-ef81c12117e3, Đoàn Ngọc Phương, False, 2/27/2006 10:42:17 AM, 10A2
4c7c678d-d6bf-4ee5-a84c-a3c824e5faaa, Hồ Gia Sơn, True, 3/10/2006 8:21:59 AM, 10A2
fd7aeedb-7391-48ae-8d37-911ff6b3d4fb, Nguyễn Minh Phương, False, 2/5/2002 1:25:12 PM, 10A2
9cc439e9-0c0e-4e0e-9e69-61bab6360433, Đoàn Minh Đạt, True, 6/18/2005 4:02:01 PM, 10A2
5a34bf77-cb67-45ae-a4ca-08a63cecc54a, Đặng Bảo Linh, False, 11/17/2002 9:41:56 PM, 10A2
64e7f38e-a9ef-4995-a567-ae0a846ebf39, Nguyễn Văn Hoàng, True, 2/20/2004 3:10:56 PM, 10A2
92e9745d-e488-450e-8f90-8ae7e036891e, Lê Thu Ngọc, False, 12/3/2001 3:31:14 AM, 11A2
7f6fd7a4-aef0-4984-8e87-7d846b9420ab, Nguyễn Thiên Thành, True, 2/27/2002 2:37:19 PM, 10A2
4b584381-2667-46ab-9eeb-5408465ed5c5, Lê Thu Khánh, False, 2/3/2003 4:17:33 AM, 10A2
1642e822-4edd-4093-b26f-c404b1c78896, Hoàng Minh Long, True, 6/21/2006 4:06:48 AM, 10A2
a138c2df-4045-4a2e-8ce7-b21947883dbf, Nguyễn Minh Nguyên, True, 11/3/2002 10:16:40 AM, 11A2
db9906ce-6674-4d10-851f-f8c354a5b518, Lê Thu Châu, False, 1/15/2003 6:46:39 PM, 11A2
65dc5e4d-da8b-403f-9ff9-0345fb422e3f, Nguyễn Thu Khánh, False, 7/27/2000 7:53:53 AM, 12A2
61c4157d-d52a-42d2-949e-fd0511f5d387, Nguyễn Thị Thanh Thư, False, 6/16/2005 2:07:50 PM, 11A2
7ecccdbe-24cf-4705-9d3c-a601f9d3a0cd, Lê Thu Phương, False, 10/4/2003 10:21:06 AM, 11A2
f0df102b-4a0a-492f-994b-21be8c2506c1, Võ Thái Anh, True, 2/10/2002 2:23:54 AM, 11A2
4762c2dc-2377-4284-acb0-6f0d2136d572, Nguyễn Thảo Linh, False, 11/22/2002 4:43:47 AM, 11A2
5a4a9e02-15ec-482e-bf20-9332bfd354d2, Trần Việt Duy, True, 5/24/2000 8:47:35 PM, 12A2
b119ba56-bcfc-4d4e-9f21-682cda6961cb, Nguyễn Thu Châu, False, 2/24/2001 8:55:41 AM, 11A2
070a587b-373b-49dd-accb-5224f74797c9, Nguyễn Phương Giang, False, 1/11/2005 6:10:36 PM, 11A2
adcd2335-a3ba-483e-bb09-0ac554459ef2, Nguyễn Bảo Thanh, False, 7/8/2000 5:08:23 PM, 12A2
94173f74-0e47-4dcd-acb9-6e2ddfb1e0d6, Lưu Minh Vân, False, 3/21/2006 7:41:48 PM, 10A3
07ea3091-ac98-4a5e-be97-0027bea93b8f, Nguyễn Gia Dũng, True, 9/26/2004 1:51:04 PM, 11A2
3e4f6fd5-7a5b-46f2-9f8b-eee4449bf696, Nguyễn Bảo Châu, False, 12/10/2005 3:36:24 PM, 11A2
3f1721a3-de3c-4e92-8436-a1624e4e7dec, Nguyễn Bảo Châu, False, 3/20/2001 12:25:12 PM, 11A2
f32c1052-4d12-46ed-9196-452967b9193b, Trần Văn Nguyên, True, 4/22/2006 8:50:19 AM, 10A3
4d4a103f-a170-4377-b812-dd6737de9c84, Nguyễn Gia Đạt, True, 5/6/2002 5:12:45 PM, 11A2
e5e4e911-141b-4fe9-9e17-dcab6462d806, Phạm Phương Vân, False, 2/20/2004 10:29:29 AM, 11A2
f6a76e7e-3204-41dc-aa7b-b9f0e143b272, Đoàn Thu Phương, False, 10/10/2004 5:02:41 AM, 11A2
e89ae035-538e-4537-9f6d-ccd064cadde3, Nguyễn Hương Giang, False, 8/6/2003 2:08:05 AM, 11A2
301aa8c6-7d33-4b31-a662-eabbc215879c, Lưu Minh Vy, False, 10/23/2003 2:28:36 AM, 11A2
abd9d94e-fade-4f7a-a137-67e80ecd0c52, Nguyễn Phương Châu, False, 6/24/2004 4:07:11 AM, 11A2
efd0d54a-de6f-4f3d-9538-c5133c62b953, Lưu Bảo Thanh, False, 1/6/2006 5:52:54 AM, 10A3
4c3f8a16-f905-412f-9d01-d99ec6b04a9f, Nguyễn Thị Thanh Trang, False, 1/5/2000 8:48:21 PM, 12A2
82ced385-7d50-493b-bc8c-e4407a867c30, Phạm Thị Thanh Thư, False, 11/17/2003 12:46:38 AM, 11A2
aca03cab-dc39-4fa5-852d-8f673ae679fb, Nguyễn Xuân Sơn, True, 7/4/2001 2:01:34 PM, 11A2
8290a69c-0ea9-4a07-a027-bfb53cc86da6, Nguyễn Mai Hà, False, 5/17/2005 9:10:50 AM, 11A2
91950f74-a4ab-44fc-ba01-0c99a8f9e25d, Võ Minh Ngọc, False, 6/13/2000 12:46:38 PM, 12A2
b4e6f00a-8558-4e21-83ed-e8578cd96b54, Phạm Hương Vy, False, 3/30/2006 12:44:10 AM, 10A3
93a5b3d7-5f47-4ca6-bded-7773a8a1c889, Nguyễn Xuân Bình, True, 9/11/2005 4:13:59 PM, 11A2
14c28049-779f-4261-bf63-3c2e772bb2dc, Nguyễn Anh Dương, True, 6/4/2000 11:16:59 PM, 12A2
68f5b754-b218-43e5-a888-b2a8836bec04, Đoàn Minh Uyên, False, 5/4/2002 4:43:21 PM, 11A2
574e9aa4-dc2f-4ef2-b59a-011f627afa76, Nguyễn Bảo Vân, False, 4/29/2000 8:28:51 PM, 12A2
a35f27aa-ae9f-4eab-af2b-696e1b20e063, Đoàn Gia Dũng, True, 12/26/2001 2:46:28 AM, 11A2
bdfb27fa-02cc-469f-bdba-4ad0769ade0c, Trần Bảo Trang, False, 4/12/2006 7:28:14 AM, 10A3
f0ea7891-d233-40fa-924b-3e698be8bef5, Lưu Thái Khánh, True, 7/7/2000 10:24:06 AM, 12A2
42c6f994-2902-410f-bf91-b5832ad5911f, Hồ Bảo Uyên, False, 1/5/2002 6:59:01 PM, 11A2
6cd22a49-b6ad-46de-a3df-4eb2a2f3b3ad, Nguyễn Hoàng Bảo Hưng, True, 12/11/2006 9:51:03 AM, 10A3
5d2f6b34-0d53-48e2-870a-04689b727ec3, Nguyễn Mai Vân, False, 1/18/2003 3:55:06 AM, 11A2
e6c3f255-e614-4101-8e0a-431ed61cadd9, Đặng Anh Duy, True, 5/11/2006 5:02:34 PM, 10A3
1c23fb53-a0a9-499d-bfb9-332bf79d0ec9, Hồ Xuân Anh, True, 11/6/2002 7:39:57 PM, 11A2
3f6664f9-289c-4c4a-ae9b-fbc5919f2838, Hồ Thiên Dương, True, 5/5/2001 11:56:06 PM, 11A2
2ddc6db7-3829-4b86-a1f8-f0aab4ada462, Đặng Xuân Bình, True, 10/11/2003 3:22:12 PM, 11A2
887f984a-2610-4023-9c1d-9d0e5faebd8a, Nguyễn Xuân Phúc, True, 9/18/2006 1:41:08 AM, 10A3
aaeef9d7-0fce-4fae-b37b-7411f0647bbd, Đặng Phương Vy, False, 4/10/2006 1:52:17 AM, 10A3
c9867f66-eadb-4d7a-b15b-ffa35b476578, Hoàng Hoàng Bảo Huy, True, 8/25/2006 7:31:50 PM, 10A3
2b294af8-d83d-4f08-b9a7-2666775d4436, Hồ Xuân Thành, True, 6/4/2000 6:09:57 AM, 12A2
9681aeda-353f-4d82-b1d9-ac1ee4bef8c3, Nguyễn Ngọc Phương, False, 5/1/2001 4:59:43 PM, 11A2
c45b2a03-9ccd-4bda-85e4-fefb5c0d3770, Nguyễn Thái Anh, True, 10/30/2005 4:29:33 AM, 11A2
6293bc79-8d82-4a21-96fe-68ec5cc4472c, Phạm Thiên Nguyên, True, 10/25/2006 12:38:43 AM, 10A3
e8599c94-6a6c-4764-903f-d292723a2768, Nguyễn Gia Anh, True, 2/4/2003 10:08:20 PM, 11A2
3dab43ab-12f7-4852-aa25-44e2a26c35de, Nguyễn Hoàng Bảo Thành, True, 11/16/2005 7:23:21 PM, 11A2
7174c2ad-e160-4130-82a5-e4c2e55d7082, Nguyễn Bảo Thư, False, 9/8/2006 6:56:41 AM, 10A3
33cdaf56-5a05-4103-91b6-91b457dff940, Phạm Thu Vy, False, 4/18/2002 5:50:54 AM, 11A2
70ef92f5-e430-4829-8b1f-291e09d73d79, Võ Thị Thanh Châu, False, 9/25/2006 3:36:03 AM, 10A3
3911a023-23d7-4855-8de6-8efcc3a95b5c, Đặng Thái Long, True, 9/26/2002 10:22:19 PM, 11A2
a93659ff-fba8-4830-a14e-688de507e261, Võ Trúc Giang, False, 5/30/2000 5:57:38 AM, 12A2
7d33b6bd-ebad-4258-ad46-b200de87e96a, Lưu Văn Khánh, True, 5/31/2001 1:31:56 AM, 11A2
8d39f42d-f69c-460c-8a33-3c5b0971bf65, Trần Gia Phúc, True, 5/10/2000 10:44:29 AM, 12A2
b6bd632b-ac12-422c-973f-3e631e8542a8, Phạm Phương Vy, False, 10/30/2006 5:42:12 PM, 10A3
c12f04ff-a908-4b12-ba19-c79da76d9a6d, Võ Minh Lan, False, 3/21/2002 11:24:08 PM, 11A2
e78a5039-fbe2-44fc-a2cf-c04f4e40c809, Nguyễn Phương Lan, False, 12/13/2004 5:53:42 PM, 11A2
36f9f5f9-6402-4954-a323-ff112e645515, Lê Thái Bình, True, 11/9/2005 12:29:20 PM, 10A3
1257af41-3557-4674-8c18-bbff4704a5af, Hồ Gia Nguyên, True, 7/1/2003 1:09:25 AM, 12A2
933d7220-d179-45b6-8a3d-1e48f4dfdb73, Võ Việt Nguyên, True, 7/9/2006 11:00:25 PM, 10A3
9f744024-2a1c-49b5-b82d-c1d649e4b875, Đặng Minh Châu, False, 4/23/2006 12:36:27 PM, 10A3
47320161-50eb-4bbd-a12d-ddd9de4cc8f0, Nguyễn Phương Ngọc, False, 12/31/2004 7:29:33 PM, 12A2
bdc21557-5f61-42ca-8839-4ec16034555c, Nguyễn Anh Dũng, True, 1/5/2003 1:32:50 AM, 12A2
b8dc69be-1def-4002-8396-95469a78a171, Võ Trúc Nguyên, False, 7/2/2005 8:22:17 AM, 10A3
5d1ce4fb-65d4-482f-b503-e6327544729d, Nguyễn Đăng Thành, True, 11/27/2000 9:12:03 AM, 12A2
960df6f4-4f4e-4e3c-9f56-b39d4ba7d149, Nguyễn Văn Hùng, True, 4/1/2005 2:14:32 PM, 10A3
e9d13521-e6d5-4cd6-99c4-c3fb6d6f4c87, Nguyễn Thiên Anh, True, 7/22/2005 8:07:35 AM, 10A3
1bb1a002-3c0e-41a1-9ffc-f3d7157fdd99, Phạm Minh Phương, False, 5/23/2005 11:44:32 PM, 10A3
4aa098fb-2879-466c-98f7-8aac565690f5, Hoàng Mai Hà, False, 10/17/2003 12:41:57 AM, 12A2
06988a99-2761-4132-9637-c79abf8e9a26, Hồ Thị Thanh Vân, False, 6/27/2006 4:35:01 AM, 10A3
2a35193d-ddba-4aa9-94fa-a9cd0551fbe1, Đoàn Mai Châu, False, 11/14/2000 3:57:15 AM, 12A2
588757dd-8857-4847-b9a0-43b867f0cc10, Nguyễn Thiên Hưng, True, 6/7/2006 11:04:45 AM, 10A3
9c6b4033-df5b-4b2d-807c-cc70c15acd5a, Lưu Trúc Uyên, False, 3/2/2004 5:46:51 AM, 12A2
2343dea0-53a8-40ee-a68c-485cb42777fd, Nguyễn Thái Khánh, True, 3/18/2001 7:58:14 PM, 12A2
4d3a268f-bbb3-4502-b081-69c1aaa1dce4, Võ Anh Dương, True, 4/7/2001 8:10:01 AM, 12A2
23915c47-24fc-4a81-bc04-aa3e1efd073a, Võ Bảo Châu, False, 2/5/2000 2:52:45 PM, 12A3
a3ed270c-e3f0-4037-a954-fac551053284, Nguyễn Hoàng Bảo Đạt, True, 7/21/2001 12:11:32 PM, 11A3
bdb435d8-d64f-465a-9336-7943b3352b74, Nguyễn Anh Thành, True, 9/23/2002 3:00:41 AM, 10A3
420b601a-48db-4513-9dfb-866d9019f448, Nguyễn Thái Duy, True, 2/17/2004 8:19:44 AM, 10A3
a3b25b7b-4d79-4b79-95cc-190eae1b21f6, Lưu Minh Long, True, 8/13/2004 7:31:59 AM, 10A3
948d6186-eb2b-4a19-9e29-ad41c409a0f3, Nguyễn Thảo Ngọc, False, 6/12/2001 9:17:19 PM, 11A3
c3adcf80-90e7-4191-83cf-552c8e5735db, Nguyễn Minh Lan, False, 5/18/2001 1:56:50 AM, 11A3
f25cb8a8-e7a9-4e3f-b0eb-e3dfe94a88c9, Lê Đăng Hoàng, True, 2/20/2003 11:20:04 PM, 10A3
1f8ec93d-9e8f-4786-9455-4e8ca64b22d5, Nguyễn Hoàng Bảo Hoàng, True, 8/12/2006 8:29:43 AM, 10A3
37bade5e-b155-4f05-83ed-f05a431b3608, Đoàn Thảo Lan, False, 11/30/2004 4:06:13 PM, 10A3
2916466e-3ff5-45ce-9175-088be63df58b, Võ Bảo Ngọc, False, 2/19/2004 1:36:00 AM, 10A3
dafa2ad3-d1d6-497b-9d76-8ada0159fb5b, Phạm Mai Ngọc, False, 8/30/2005 12:08:38 AM, 10A3
43717b29-8d4d-4df7-bb29-d4ab6f6cbb21, Phạm Thị Thanh Ngọc, False, 4/26/2000 8:59:46 PM, 12A3
dbeb506c-39af-405a-8bf2-f126a6397487, Đoàn Minh Dũng, True, 3/29/2005 1:47:28 PM, 10A3
5768ba81-c11f-468e-8be5-402e30b10980, Nguyễn Thu Khánh, False, 8/31/2004 10:01:18 AM, 10A3
43adac4f-fe8d-4538-9da7-bb6141e539ed, Hoàng Anh Hùng, True, 1/7/2002 2:55:13 AM, 10A3
745b8121-8556-4fe8-b4e1-ed40a08c8245, Nguyễn Đăng Duy, True, 2/14/2002 10:25:05 AM, 10A3
bac5f297-fbb4-49b3-9972-600aaf706902, Đặng Minh Huy, True, 12/24/2003 11:29:29 PM, 10A3
56982666-ea42-4ee0-822d-9ca09f639193, Trần Thảo Thanh, False, 1/21/2004 6:11:32 AM, 10A3
45f84802-995f-44a3-83d4-7aac0b14d1f6, Lê Trúc Châu, False, 4/24/2006 4:39:12 AM, 10A3
14a69be3-1100-42da-8032-ecba7063bf53, Trần Trúc Vân, False, 12/30/2003 1:38:46 AM, 10A3
6d301b37-54c0-46d5-8724-651fcfe415c1, Trần Xuân Khánh, True, 2/7/2006 2:36:46 AM, 10A4
711c3fb4-8b42-4487-80d1-8ea0ac1bf50b, Lê Việt Bình, True, 5/26/2006 8:50:22 PM, 10A4
1f2c9d4d-016f-479e-8110-621d803d488d, Nguyễn Văn Dương, True, 3/15/2002 6:58:30 AM, 11A3
e65d28f7-b993-407d-9cf8-30cf986bfb59, Lưu Thị Thanh Hà, False, 9/26/2005 1:19:33 PM, 11A3
4c7d8d9e-8fc3-4c2e-89ca-ebdf1b47c9aa, Lưu Việt Phúc, True, 10/13/2000 11:46:09 PM, 12A3
e5df3e55-b6a9-4943-9101-a11430fb91de, Đặng Minh Lan, False, 4/5/2006 6:34:42 PM, 10A4
b005a6e7-d280-4f54-8c57-e17392791fa3, Nguyễn Hương Trang, False, 4/28/2006 4:56:48 AM, 10A4
b6bf25d7-a5ec-44e4-bc68-aaf0cb5826a9, Lê Việt Hùng, True, 2/6/2000 1:01:58 AM, 12A3
4daffd5b-cbdc-4c9a-9210-4a9dcb9eecf7, Nguyễn Thu Ngọc, False, 6/5/2002 12:24:33 PM, 11A3
889ed5ee-73e1-463d-a90d-6ee84b94f142, Hồ Anh Hưng, True, 5/12/2004 6:45:44 PM, 11A3
f159d938-5c07-4d0b-bad5-66b78a24397e, Hoàng Đăng Phúc, True, 6/3/2003 8:46:06 AM, 11A3
c12badc1-e2aa-4c69-af5b-4ac7b545b246, Võ Gia Sơn, True, 3/21/2006 2:15:11 AM, 10A4
3f9a5fe5-7f77-46d0-86fa-482a6d2cbc83, Hoàng Thu Trang, False, 4/4/2005 5:18:42 AM, 11A3
ad1973b9-4ed6-40f2-9574-5f6114288651, Phạm Anh Phúc, True, 1/7/2005 11:46:37 AM, 11A3
1624082c-ffd8-43ec-9e81-c71897e563a5, Trần Đăng Dương, True, 1/3/2006 1:39:08 PM, 10A4
6501e9a1-c150-425b-af3a-ae79ed3ad416, Nguyễn Thu Trang, False, 3/30/2004 6:57:52 PM, 11A3
303bf926-51f8-4fba-ad54-6253f9231820, Lê Việt Nguyên, True, 3/23/2006 3:07:39 AM, 10A4
7362a6e4-2004-4737-98a3-f17d8c583300, Võ Thảo Phương, False, 7/18/2004 9:34:22 AM, 11A3
8c9392ca-7367-442b-a7a0-a09282a31584, Nguyễn Thiên Duy, True, 12/15/2000 6:35:03 AM, 12A3
6d73dd89-204a-41e5-9791-546518139c3a, Lê Thị Thanh Hương, False, 6/18/2001 5:16:03 AM, 11A3
2f71ca5f-9edf-43f0-98d6-58124ee97fa7, Nguyễn Thảo Giang, False, 9/9/2006 8:01:53 AM, 10A4
2c5c27e6-5927-4f9b-8d63-e1038a08b043, Võ Thị Thanh Ngọc, False, 7/5/2004 9:12:38 AM, 11A3
bc454d13-0e08-4c62-8506-464e7df81bec, Nguyễn Thiên Thành, True, 1/26/2001 6:46:21 AM, 11A3
20da0d7c-5514-4037-9edc-187a5169ec33, Võ Đăng Đạt, True, 10/10/2005 4:41:00 PM, 11A3
5093bc02-8b62-448c-8e6a-776cd241e00c, Nguyễn Thiên Dũng, True, 11/7/2002 12:41:17 PM, 11A3
8aed6203-1d54-4c71-863c-afbaf877aede, Võ Thái Nguyên, True, 11/10/2000 8:25:01 AM, 12A3
b7c5c11a-0a54-4ed7-a4ca-7e38c8e4f97d, Nguyễn Thiên Huy, True, 5/27/2002 8:37:28 AM, 11A3
5443fb75-2b8e-4653-abf2-a0102dcdf87d, Đoàn Xuân Long, True, 3/4/2003 9:22:34 AM, 11A3
08f7e3a3-0dd7-4acc-abd8-5b54abd08ddd, Trần Thiên Huy, True, 7/26/2000 7:54:22 AM, 12A3
dbed3596-67b6-47a8-add2-96b1ba5edaf2, Lưu Thái Phúc, True, 3/26/2000 2:08:46 AM, 12A3
86f72fce-54f2-4493-b13d-7cfc835fba6b, Phạm Bảo Giang, False, 5/19/2004 8:44:01 AM, 11A3
2975f053-eade-4cdb-a29c-2ce75496bf12, Võ Đăng Đạt, True, 2/28/2005 6:45:16 PM, 11A3
2c77ff12-9f65-43f3-9b4f-b79665163fbb, Nguyễn Văn Sơn, True, 6/6/2000 7:46:22 AM, 12A3
f3e051d1-99f1-4293-8789-7b3e2f69e462, Đặng Hương Thanh, False, 10/13/2003 11:23:10 AM, 11A3
064caa54-a14a-4592-9ef9-e34cbfe8a847, Phạm Minh Dũng, True, 6/27/2000 1:39:39 PM, 12A3
b40463a6-fc0a-441e-b633-6571d03bf8df, Hồ Thị Thanh Hà, False, 4/11/2004 3:57:36 PM, 11A3
37593f14-c554-4f42-8913-8f6f79441469, Nguyễn Thiên Nguyên, True, 1/21/2001 8:18:44 PM, 11A3
3dc6dd4b-0949-4128-999e-f5036989455a, Phạm Anh Khánh, True, 11/5/2006 6:00:38 AM, 10A4
d6fa26ba-2a90-4329-9513-615d47a7cf93, Lưu Trúc Trang, False, 12/4/2000 7:14:29 PM, 12A3
515e34de-24bd-4259-9bf0-cbd9f473efe9, Hồ Trúc Linh, False, 1/29/2001 7:00:54 PM, 11A3
f8ec48e4-c915-4cf4-92a3-29c7e211d1fe, Hồ Hoàng Bảo Phúc, True, 3/24/2000 1:53:52 AM, 12A3
5673d2be-272f-4a08-9018-49ca1088773e, Lê Anh Phúc, True, 4/8/2002 5:24:28 PM, 11A3
05f98d5b-f3f2-4151-8dfb-829e7c04ef6d, Hồ Thảo Ngọc, False, 4/2/2005 7:10:38 PM, 11A3
a22de856-d467-4fa4-b822-5006fe8afae3, Lưu Minh Hoàng, True, 9/15/2002 4:20:43 AM, 11A3
bcfb8d0a-6a84-4f9c-a99a-447804b7089e, Võ Hoàng Bảo Khánh, True, 11/25/2000 3:40:04 AM, 12A3
498f8e13-ce84-44f2-aa18-b2601fd0395a, Nguyễn Hương Linh, False, 7/18/2005 7:57:18 PM, 11A3
2479c2e8-c64b-42cd-9a74-ac0d6b044146, Lê Xuân Khánh, False, 10/29/2003 2:47:32 AM, 11A3
16a355ad-52fb-4359-a55c-c46771f90a9c, Nguyễn Hoàng Bảo Hoàng, True, 2/14/2002 5:14:59 AM, 11A3
75d0020c-155e-49a2-9f80-53bf4b438af1, Nguyễn Bảo Lan, False, 7/22/2003 8:57:46 AM, 11A3
c25c2d06-56bc-4de8-b5ad-47280535382e, Đặng Trúc Phương, False, 10/5/2001 11:59:51 PM, 11A3
4279d24c-61a3-4bec-9aef-de4ba50f8c8a, Nguyễn Việt Phúc, True, 4/19/2004 11:59:07 AM, 11A3
fe8b3c07-2b96-4549-8ea3-848b5627fe9c, Võ Xuân Ngọc, False, 5/25/2001 5:34:45 PM, 11A3
dc1b6c40-6756-4452-9da4-1bd584c6eb8b, Phạm Thiên Sơn, True, 4/26/2000 12:23:33 AM, 12A3
a937194e-bcbb-48b8-b580-02e326393c43, Lê Văn Sơn, True, 10/3/2003 12:55:08 AM, 11A3
c8d33cb9-f8c3-4817-9cba-89abba93028c, Lưu Hoàng Bảo Dũng, True, 4/24/2002 7:26:17 AM, 11A3
e0ab5ca4-8099-4c65-9f15-2e60f6f8d7ac, Hoàng Gia Huy, True, 3/30/2000 12:35:37 AM, 12A3
a8f6fca6-ea7b-40dd-b5e7-40156d54a47f, Đoàn Bảo Khánh, False, 9/14/2005 3:03:58 AM, 11A3
e51512cc-4c6a-49db-bdde-204f817e02c5, Hoàng Bảo Vy, False, 12/3/2003 8:43:13 AM, 12A3
a475a414-5c6d-45f9-b01c-25276977fe01, Đặng Hoàng Bảo Nguyên, True, 3/6/2001 8:23:02 PM, 12A3
567d69dc-68c7-4a55-a5e5-c3310fa21055, Trần Việt Duy, True, 1/19/2000 9:40:44 PM, 12A3
651147ca-226b-466e-b336-7ded28c5384c, Hoàng Xuân Uyên, False, 5/22/2001 3:09:17 AM, 12A3
8ac918a5-0037-4853-b8c9-70347d037339, Đoàn Văn Phúc, True, 1/29/2003 1:40:01 AM, 12A3
a67adf2a-e853-4d96-92ab-5e778a55ec7a, Võ Văn Duy, True, 12/13/2003 9:08:03 PM, 12A3
e7b6e837-3a61-41c0-9927-27c39f3366b4, Lê Văn Bình, True, 8/1/2001 3:01:12 PM, 12A3
4090dca9-0581-4be2-b73c-ce0dd02d582f, Lê Văn Khánh, True, 7/21/2000 8:01:46 PM, 12A3
dbd848e9-2897-413b-8b87-900650f498a7, Đoàn Thái Hoàng, True, 2/1/2002 4:41:35 PM, 12A3
3f1b1eaf-b72d-414b-b100-de74599cf2db, Nguyễn Thảo Phương, False, 6/1/2000 5:18:40 PM, 12A3
ea8e5e8a-3425-437b-90fb-d78d1e88a78a, Võ Bảo Trang, False, 3/17/2006 9:19:45 PM, 10A4
88f7e532-a9ae-43cd-a650-42a037ddd877, Võ Minh Dũng, True, 11/21/2002 7:29:01 PM, 12A3
2a93a24e-c4b6-4db3-a735-9e1a36d179cd, Nguyễn Xuân Khánh, True, 10/24/2005 11:06:44 AM, 10A4
6ff05e03-005f-4898-895f-e5b2aa21f4b1, Lưu Gia Dũng, True, 8/3/2002 2:06:22 AM, 12A3
aa57d2da-5513-4d56-86d4-199c3bbff8ac, Nguyễn Trúc Châu, False, 2/9/2004 2:36:02 PM, 12A3
97b2807b-a675-4379-9bf5-7a07188ba6d0, Nguyễn Việt Sơn, True, 6/21/2005 1:51:48 AM, 10A4
0d49d180-98f2-4cb4-bd82-e044cb206900, Lưu Mai Nguyên, False, 7/2/2000 2:58:13 AM, 12A3
625dcb29-c6fc-41a3-8d20-ebd5e4787931, Lê Ngọc Vy, False, 4/17/2000 4:59:16 AM, 12A3
3a2c1031-b23d-4d89-9e7b-26cdc32a9ebf, Lê Mai Trang, False, 4/14/2005 8:48:39 PM, 10A4
b96e952f-8e8a-4f23-b0e5-02e47a3d9275, Nguyễn Gia Khánh, True, 4/22/2005 7:31:42 AM, 10A4
117cc6d1-afc2-4d56-86d3-dde4f50b4b94, Nguyễn Đăng Long, True, 10/5/2002 2:15:30 AM, 12A3
5a80d3a5-6b57-412e-ad4b-bd046541a3ca, Hoàng Minh Vân, False, 3/8/2000 10:10:46 PM, 12A3
acebd7a8-0237-42e8-8902-985487215ff2, Nguyễn Đăng Dương, True, 7/5/2000 11:31:38 AM, 12A3
e288f441-cdeb-47b3-8e74-33e22982a979, Lưu Minh Dương, True, 11/25/2000 8:41:04 AM, 12A3
7c2f9073-a077-4d12-9d13-b9520f560111, Nguyễn Văn Huy, True, 7/11/2005 4:14:33 PM, 10A4
3cb1d973-dbaf-43de-ba05-9b2a25f40169, Nguyễn Xuân Uyên, False, 11/15/2006 4:59:14 AM, 10A4
68cb07de-6efa-4349-8278-6a61fb814e16, Hoàng Ngọc Lan, False, 8/24/2003 10:53:34 AM, 12A3
f622c98e-35fb-48a9-b627-91979a14ae13, Nguyễn Gia Anh, True, 10/15/2002 7:35:35 AM, 12A3
80d8bfa5-a334-4d9e-8dea-d48660e63ea7, Phạm Văn Bình, True, 1/23/2001 1:27:31 AM, 12A3
34f955d1-0b51-4d0a-86f4-5199332f24c9, Lê Xuân Khánh, False, 8/15/2006 1:50:08 PM, 10A4
bcb27767-5af7-406a-876d-ebdb5aa6b99c, Đoàn Minh Nguyên, True, 10/28/2006 11:31:05 PM, 10A4
95af2792-e8d5-44a1-899d-e4031edb5c3c, Hoàng Anh Dương, True, 1/27/2002 7:20:13 AM, 12A3
f42e8127-7f0a-42f5-8ce6-8e353c83d044, Nguyễn Mai Vân, False, 1/7/2006 5:03:53 AM, 10A4
99f4f244-0b99-4976-899a-1bf216e482b4, Phạm Minh Vy, False, 1/6/2004 8:41:18 PM, 12A3
ab11a59a-7c62-4ca3-9118-5781c8a35119, Nguyễn Minh Nguyên, True, 11/2/2003 3:50:43 AM, 12A3
d645797e-d0c3-4e6e-8d58-ab87476cac60, Nguyễn Minh Trang, False, 1/27/2002 8:41:39 PM, 12A3
6db6c39e-610a-4917-a9fa-38236d05624d, Nguyễn Văn Đạt, True, 2/6/2001 4:12:30 AM, 12A3
76e070f8-7416-488e-9e54-79725a539383, Nguyễn Trúc Vân, False, 5/24/2001 3:34:24 AM, 12A3
2ce52fec-8a48-4954-8750-5fc01560359b, Nguyễn Thái Dương, True, 8/19/2006 12:07:43 AM, 10A4
bb3f6deb-9138-492e-8a8c-52800719cec4, Hồ Thái Dũng, True, 4/18/2004 12:29:59 PM, 10A4
59bb68af-1dc8-4015-a4f2-26a624406fa0, Nguyễn Thiên Phúc, True, 5/30/2003 6:41:45 AM, 10A4
71e54a6a-df96-4a0a-978a-22c477ed8b19, Nguyễn Xuân Phúc, True, 12/6/2002 3:51:12 PM, 10A4
3614f47c-abce-4f02-9a45-eed23b64a852, Lưu Ngọc Nguyên, False, 1/27/2000 12:43:20 PM, 12A4
98ea0aa2-3dbf-45c6-8b14-a5a142d5940d, Lưu Thiên Sơn, True, 3/31/2006 11:50:08 AM, 10A4
40cca5a9-2033-4323-82a4-6471b607cd3a, Phạm Gia Huy, True, 6/7/2006 5:30:14 AM, 10A4
2b3ecd7d-a537-46c4-8559-b7f1a846a60c, Hoàng Hoàng Bảo Khánh, True, 6/12/2003 9:47:10 AM, 10A4
840fe230-727d-4dec-b84a-3c1231a3ffec, Lê Anh Sơn, True, 10/12/2003 4:48:17 AM, 10A4
540768bc-9c70-4f6b-bc5a-e888962a4e77, Lưu Văn Duy, True, 9/24/2002 3:05:09 AM, 10A4
163548dc-214f-4dcc-ba7b-6aebdcd93c36, Phạm Xuân Sơn, True, 1/2/2006 12:38:45 AM, 10A4
35f8e978-d841-4113-8959-572f23b220e8, Nguyễn Xuân Vân, False, 7/26/2000 9:58:33 PM, 12A4
abfee5a1-2f68-4b3d-92ae-63515f2f7a61, Nguyễn Ngọc Ngọc, False, 10/31/2002 1:39:08 AM, 10A4
9d5544c0-c541-4921-ac7a-7a82cb117fc0, Lê Thiên Sơn, True, 11/3/2005 7:47:14 PM, 10A4
f1ba816d-a4c7-47f5-82e4-c4619d119452, Nguyễn Gia Hưng, True, 5/18/2005 9:24:35 AM, 10A4
d678aa0b-fbab-4d24-b880-7e29b9a35c8a, Nguyễn Bảo Thanh, False, 6/11/2002 4:19:58 AM, 10A4
e15ee841-3556-40ef-abf7-7b51f93bfbd9, Nguyễn Mai Giang, False, 11/14/2000 3:23:59 AM, 12A4
585e4b9e-b6e3-4ac9-a7c4-8809d80218e3, Võ Trúc Hà, False, 4/25/2002 11:35:12 AM, 10A4
4fe911e2-7e3e-4c7a-a0eb-133207bb4854, Đoàn Minh Hương, False, 9/25/2005 5:42:02 AM, 10A4
4a674706-d292-4fb7-9b86-950df8c9d133, Nguyễn Đăng Thành, True, 4/25/2001 11:18:16 AM, 11A4
768c2aaa-8dab-4550-a11a-0b16dd3be950, Võ Đăng Dũng, True, 1/9/2001 3:13:15 AM, 11A4
875f8e30-27a0-4352-b48b-2f53cfba3664, Nguyễn Thảo Thanh, False, 4/22/2005 5:59:40 PM, 10A4
545a8415-4492-4753-9c62-f54cce50afa0, Đoàn Gia Long, True, 9/12/2000 4:49:20 PM, 12A4
c32efadc-2d0c-48bd-a264-5f96fe41f1b3, Phạm Bảo Linh, False, 3/25/2001 1:13:00 AM, 11A4
bea72ca9-c793-4049-be1a-a6c7076647f9, Phạm Thiên Sơn, True, 8/21/2003 10:38:25 AM, 10A4
f95c942e-36df-44d9-b530-82ac418f8a5d, Nguyễn Thu Hà, False, 7/1/2003 1:10:55 AM, 10A4
805b5e25-5978-4bd0-81b1-87acf32ffa47, Trần Xuân Đạt, True, 9/16/2003 4:16:08 AM, 10A4
1de4ee93-8162-4816-91fa-832bed827752, Trần Ngọc Lan, False, 10/3/2000 5:05:23 PM, 12A4
2f8d5f69-fd25-4edf-b230-f8e4989f07d2, Trần Xuân Phương, False, 7/19/2003 8:16:52 AM, 10A4
9a4db8d1-0c26-465f-b51e-ef197858bedb, Lưu Thị Thanh Châu, False, 9/22/2005 5:51:02 PM, 10A4
1f921750-f5a5-4e65-812f-0d343430b354, Đoàn Văn Anh, True, 10/1/2000 7:35:52 AM, 12A4
10f910c9-27ca-4f26-979a-874664d6ccfb, Nguyễn Xuân Thư, False, 7/30/2006 9:04:39 PM, 10A5
48d21542-da77-4c16-baef-871dbf89c1b8, Trần Văn Khánh, True, 8/16/2003 9:54:49 PM, 11A4
69951645-d058-4ef3-bd96-79811f82003b, Nguyễn Thảo Hà, False, 10/18/2004 1:13:50 PM, 11A4
c66dc3fb-387a-4e14-9b5c-a5c74338e7f2, Nguyễn Đăng Dương, True, 3/18/2006 7:28:30 PM, 10A5
31d331ee-752d-4756-bb8e-cc7f7f7eb7a6, Đặng Anh Nguyên, True, 5/5/2000 1:52:37 AM, 12A4
2800cee6-ff32-422f-978c-0290ee40dc9e, Nguyễn Minh Hương, False, 12/3/2004 11:33:08 PM, 11A4
4edb02c7-9e03-48aa-a27b-a9a4ad209e18, Lưu Phương Khánh, False, 11/20/2004 4:29:41 PM, 11A4
900a380b-d607-4910-99ae-716c331c845d, Phạm Minh Nguyên, True, 1/24/2005 12:29:46 PM, 11A4
2a09f736-4f16-487f-ade7-ae069a980794, Nguyễn Minh Hương, False, 8/11/2000 12:08:32 PM, 12A4
828819bf-c66c-47f2-be27-f699021cd230, Nguyễn Bảo Lan, False, 1/31/2001 8:40:45 AM, 11A4
eca6ab43-92fd-486c-8332-babf4383ed27, Võ Xuân Phúc, True, 9/4/2003 2:09:53 AM, 11A4
3a06cc71-06a1-4303-a3cc-e6ed7a66810c, Nguyễn Hương Ngọc, False, 11/4/2006 3:49:12 PM, 10A5
f58a275d-c66d-4b94-9c85-4a1f972a7b21, Nguyễn Gia Anh, True, 1/4/2001 7:09:44 AM, 11A4
41f9a329-3973-4d6e-8e26-e265f0749b4c, Lưu Anh Long, True, 12/25/2002 12:18:15 PM, 11A4
f855827a-67a4-4e2f-a1aa-f03c816516c2, Võ Minh Long, True, 5/26/2003 8:54:01 PM, 11A4
23174c6c-09d4-4f8c-8b4a-9521b06a92cb, Nguyễn Thảo Thư, False, 2/24/2000 4:23:55 AM, 12A4
838eccf4-b73b-4c12-8c13-c0caed111813, Lưu Anh Dương, True, 1/7/2004 2:51:21 AM, 11A4
576f7e84-a7a8-4044-a133-8d747fbea6e7, Trần Minh Lan, False, 1/18/2003 8:13:57 PM, 11A4
bd7b1e25-41b4-4362-b099-0aeed39bce59, Nguyễn Minh Sơn, True, 12/8/2003 6:58:48 PM, 11A4
a854ba52-22e7-4deb-9e9b-95313ab7bd7e, Nguyễn Thu Thư, False, 1/8/2003 11:47:31 PM, 11A4
4b016b3f-6895-459c-a8a5-ed180ec216e6, Nguyễn Thảo Hương, False, 8/28/2005 11:58:10 AM, 11A4
f5f5729b-a7c4-489a-9b3c-fa34289f059a, Lưu Thảo Uyên, False, 9/29/2006 12:05:15 PM, 10A5
a9cdee25-c2f5-4f35-9241-5bb3dbb7b5c7, Đặng Đăng Dũng, True, 6/14/2005 3:41:11 AM, 11A4
aea84a60-c7c3-4fa2-b924-91d26d0d7ba4, Võ Trúc Linh, False, 7/7/2000 12:32:06 PM, 12A4
f3949067-eb95-4783-b30d-a9350158cc75, Phạm Thị Thanh Trang, False, 1/14/2002 10:20:16 PM, 11A4
506d8d1f-38ca-477a-8cb6-dbad89650dcf, Phạm Xuân Ngọc, False, 7/3/2001 11:35:42 AM, 11A4
02b416ef-bb00-491a-b90d-111b3ba6e4f4, Nguyễn Gia Phúc, True, 7/7/2005 11:45:13 PM, 11A4
00d71385-f755-4dac-b1c8-0087831cb764, Đoàn Minh Hương, False, 2/20/2004 7:22:06 AM, 11A4
28e6cb43-1844-4431-ab3d-cca0fc33dae0, Nguyễn Hoàng Bảo Khánh, True, 12/27/2006 4:02:51 AM, 10A5
d5dbbf1d-314d-46d9-8e15-2c9d8d3983e8, Nguyễn Bảo Vân, False, 11/27/2006 5:51:25 AM, 10A5
23cdb42a-a58d-4dac-bbd2-8154797e1f9e, Trần Hương Giang, False, 2/19/2000 4:02:54 AM, 12A4
2a1261f3-0685-4a8c-8913-f61e278c5a43, Võ Xuân Uyên, False, 8/8/2001 8:35:33 PM, 11A4
6e4c4717-1ec6-4e94-b1b1-bd7d4480b795, Phạm Thị Thanh Hương, False, 9/26/2001 5:45:20 PM, 11A4
9e534632-6f74-456c-b65f-7de41a44439b, Nguyễn Trúc Ngọc, False, 12/20/2004 6:16:19 AM, 11A4
153b2ed5-8e39-434c-b45d-3c05a63bdbf3, Trần Bảo Uyên, False, 4/22/2005 6:03:45 PM, 11A4
e8130d5b-661e-49f0-8b0e-431366ed0487, Đoàn Văn Huy, True, 2/22/2006 3:50:22 AM, 10A5
71cb7b96-5e4d-4c7c-bdbf-9f6d79feca56, Nguyễn Minh Trang, False, 2/16/2000 8:38:52 AM, 12A4
702cb880-f50b-4376-bac1-e956d6ac9613, Nguyễn Phương Phương, False, 9/29/2000 11:15:07 AM, 12A4
0fe32d89-c1b2-48a1-bc78-5dca137efc9a, Lưu Minh Dũng, True, 8/31/2001 7:43:33 PM, 11A4
e3d55457-d012-4b4d-940b-ea49070a30cd, Võ Hoàng Bảo Đạt, True, 7/8/2000 1:11:54 AM, 12A4
afef0d9f-0532-488b-b9a2-c38eb84a53b1, Nguyễn Gia Sơn, True, 6/17/2003 11:22:52 PM, 11A4
c91a79af-404e-4849-93ca-90c6d117e8da, Phạm Gia Hoàng, True, 12/27/2000 11:44:05 PM, 12A4
07a061d9-4451-45fa-8edc-4983e476e22f, Nguyễn Việt Hoàng, True, 6/4/2000 1:05:10 AM, 12A4
cb82fd1c-4dc0-4ec0-aabe-9047404d5390, Nguyễn Gia Nguyên, True, 6/1/2005 10:50:36 PM, 11A4
6709610a-a234-4e3e-9058-007a09bb39ef, Phạm Văn Long, True, 8/19/2001 1:32:40 AM, 11A4
7ea18993-2dd7-4b82-b9f6-6b7a04a2fc41, Hoàng Việt Dương, True, 10/6/2004 12:17:41 AM, 11A4
f8d2ffad-1d54-418b-bdb5-a4bf550e85e0, Lưu Hoàng Bảo Dũng, True, 3/13/2006 8:05:53 PM, 10A5
ed9ab2f2-aa90-450d-a97d-caa4a1dff882, Hoàng Gia Dương, True, 7/30/2005 8:56:13 AM, 11A4
0c8710aa-6b22-4e17-b245-e2df00023593, Hoàng Thái Dương, True, 8/12/2004 5:19:46 AM, 11A4
4461711a-c299-4098-a200-7c4aebbd3f65, Nguyễn Đăng Hưng, True, 3/23/2003 8:48:08 AM, 11A4
a05b981e-249b-4ce8-b55e-afaf888eefbb, Trần Đăng Huy, True, 6/18/2004 5:05:32 AM, 12A4
c078cb2d-a267-4df2-8687-e7d8374b4df5, Hồ Hoàng Bảo Hoàng, True, 1/3/2006 10:15:35 AM, 10A5
ff0ea00a-53f8-4168-8570-864e9e2b828c, Hồ Ngọc Thư, False, 1/14/2000 12:27:48 AM, 12A4
6116e920-ea45-40c3-978c-16900c8c42d0, Hoàng Thái Đạt, True, 11/15/2006 10:13:18 AM, 10A5
a115d7fc-a83b-45ac-966e-09adab4d8b3e, Nguyễn Bảo Khánh, False, 4/15/2005 12:23:22 AM, 10A5
a4ca6822-51a1-4d74-8aad-93b02b751c47, Trần Hoàng Bảo Thành, True, 10/1/2003 3:32:07 AM, 12A4
06016a38-b248-4343-a69b-a9905cadf1ac, Nguyễn Xuân Châu, False, 9/11/2005 12:19:46 PM, 10A5
1ddb8c6a-a26a-47a5-9f2a-e29390c457f5, Phạm Minh Phúc, True, 12/30/2000 12:33:29 AM, 12A4
002f577e-3ce9-48c8-b99f-ca611b82d77f, Phạm Thảo Thư, False, 3/18/2004 8:40:25 PM, 12A4
04eacff7-01d4-4ba2-98ca-58475f780730, Đoàn Minh Châu, False, 1/10/2006 5:05:43 PM, 10A5
b8e349a7-3fe9-45b8-afd1-c2f21179fa74, Hoàng Ngọc Hà, False, 5/11/2000 7:01:16 PM, 12A4
61e2a2ae-561a-45e4-b577-7d08f281bc6f, Nguyễn Anh Khánh, True, 9/11/2003 1:27:17 AM, 12A4
be0cd4b1-05af-4ab2-92e4-2121c9dd756a, Phạm Thị Thanh Vy, False, 1/11/2003 11:20:35 PM, 12A4
a75f9fdd-2830-417a-9bf8-af5684694c4c, Đặng Thị Thanh Uyên, False, 7/13/2004 9:28:53 PM, 12A4
df2f7e05-32ac-477c-b442-f8bbb0ff7c94, Võ Minh Hùng, True, 5/12/2006 3:00:05 AM, 10A5
e7acea7e-1b36-4ec8-a16d-9eb105539781, Nguyễn Hoàng Bảo Phúc, True, 12/15/2000 5:13:15 AM, 12A4
f0c19f90-5c20-4db7-b435-6325274f66f3, Hoàng Đăng Bình, True, 9/21/2006 5:14:31 PM, 10A5
e416d8ab-f85d-497b-8897-3254b3ba6ba6, Hồ Trúc Thư, False, 6/9/2005 6:06:27 PM, 10A5
56de76a8-2357-4833-932b-e59e50374ad4, Nguyễn Thảo Giang, False, 1/10/2002 9:46:19 PM, 12A4
715f2cae-30a6-4197-be5b-99e0edc60de5, Trần Thảo Vy, False, 11/24/2006 10:16:26 AM, 10A5
a401d475-5540-4901-87b1-352cd6d35439, Đoàn Văn Hoàng, True, 4/19/2006 7:35:44 PM, 10A5
a74d1c5d-e7ee-4a2d-99e2-2f84b528eba0, Đặng Gia Thành, True, 1/16/2004 7:28:38 AM, 12A4
989d9d68-83ce-43bc-b170-868136770e6d, Hoàng Thị Thanh Uyên, False, 12/28/2001 12:36:14 PM, 12A4
04be35fd-bf8a-48ac-8f33-c25c03515b9b, Trần Thiên Đạt, True, 1/13/2006 5:35:48 AM, 10A5
b7627570-712c-4e8a-bf10-3d3683230a9d, Lưu Đăng Long, True, 11/1/2006 1:17:58 PM, 10A5
760c5cba-9fa7-4646-9a49-e4ccb165edd3, Võ Hương Vân, False, 2/4/2003 1:38:58 PM, 12A4
dffcb096-cb2a-49f8-a167-93d7b971e988, Nguyễn Thị Thanh Khánh, False, 9/15/2005 3:42:38 AM, 10A5
3565176e-f06e-487b-b5dd-ef3836b475ba, Nguyễn Thái Đạt, True, 8/10/2002 6:32:55 AM, 12A4
348318f8-8d1d-448a-8de9-4dc56abecb91, Lưu Xuân Giang, False, 8/20/2002 1:56:01 AM, 12A4
3930839e-558c-4bad-90c0-32aa2976a4b4, Lê Hương Khánh, False, 5/18/2006 12:46:34 PM, 10A5
51c3762d-3da5-4795-9815-dc2539317029, Đoàn Xuân Linh, False, 7/23/2000 7:09:29 AM, 12A4
f3aa4ee1-1f46-45f8-b590-5c3ac8d173da, Trần Minh Nguyên, True, 4/28/2004 11:28:37 AM, 12A4
ae59e1f5-4da8-4f4a-8ffe-030534b8dafd, Nguyễn Thảo Linh, False, 6/26/2002 12:23:19 PM, 12A4
ec147e57-1f3b-4883-9a0a-52170fb6aa60, Phạm Thái Sơn, True, 7/8/2002 4:19:03 AM, 12A4
520abd04-767c-4513-a6d1-f6e5ed184f82, Nguyễn Minh Sơn, True, 3/27/2006 12:41:03 PM, 10A5
47580e6c-200a-45b9-a5b4-f8a39c9d131f, Hồ Gia Hùng, True, 9/12/2005 6:00:00 AM, 10A5
cdd23efc-e662-4730-9e6f-4d68d1ce6926, Đặng Văn Dương, True, 10/11/2005 3:10:08 AM, 10A5
9a20fcbb-4da3-455a-bb57-d0348f2253df, Nguyễn Việt Hưng, True, 10/28/2006 9:33:57 AM, 10A5
7467295c-11b6-41a3-ac0b-06cf35503013, Đặng Hương Vy, False, 12/14/2000 3:52:58 AM, 12A4
588adddc-593c-4ce0-8f1e-0b56eef1936d, Nguyễn Văn Phúc, True, 5/7/2000 12:38:40 AM, 12A4
55e44b92-1652-41f5-9027-08b4bd4f24c1, Nguyễn Thảo Trang, False, 10/6/2003 7:59:31 AM, 12A4
0489a4a0-329e-4f5c-a67c-054cbdd11a69, Nguyễn Gia Đạt, True, 3/6/2005 8:10:10 PM, 10A5
2fde79c8-941a-40cc-b66b-3ae0abcf0b98, Nguyễn Minh Hương, False, 7/30/2004 10:03:25 AM, 12A4
7fdddc20-1c32-45d5-910b-48d8f78224b2, Lưu Đăng Nguyên, True, 5/12/2004 8:28:11 PM, 12A4
8e5637b9-7baf-4720-9f40-20dea169bd96, Lê Trúc Giang, False, 2/5/2004 5:52:52 PM, 12A4
5e2bb2f3-7526-45cf-8106-0085b0b2b644, Nguyễn Bảo Uyên, False, 10/22/2000 1:37:03 PM, 12A5
ddc265d3-605a-4f43-b1e6-3d13f0710a5b, Hồ Thị Thanh Giang, False, 4/11/2004 12:20:33 PM, 10A5
5a7bb31f-5af4-4315-a543-7670532e762d, Nguyễn Việt Thành, True, 3/23/2005 7:31:09 AM, 10A5
ad2fbfce-f84e-4888-aa97-c76348872640, Võ Thiên Khánh, True, 7/26/2004 11:34:20 PM, 10A5
d3c287bd-9f64-4175-bddb-e3d7de9bd63a, Đặng Trúc Hương, False, 3/15/2004 8:53:53 PM, 10A5
87cb6048-b637-498e-9edb-dbc3926c12d3, Đoàn Phương Thư, False, 12/9/2003 2:16:53 AM, 10A5
d3e61d1e-4149-4ce4-bdb2-3e89062eadd8, Hồ Hoàng Bảo Dương, True, 2/17/2004 9:43:19 PM, 10A5
181f52c9-c1b7-449d-a42d-09e1710af8b7, Võ Văn Dũng, True, 9/7/2000 7:41:37 AM, 12A5
f4242cb8-1188-4fff-b7fa-9321188f1539, Hồ Việt Dương, True, 6/22/2004 11:48:41 PM, 10A5
fd92b42a-c488-4b1e-ac41-0b221b69ff65, Nguyễn Anh Dương, True, 5/8/2002 9:59:42 AM, 10A5
ede66714-433c-47c2-ac24-cc7bb94754f9, Nguyễn Thảo Giang, False, 6/6/2004 10:16:42 PM, 10A5
b525a9ae-d88a-4a88-a324-6927a3579471, Hoàng Đăng Hùng, True, 2/27/2003 4:37:50 PM, 10A5
8328b657-4f78-4a62-a900-49ef39af3166, Lê Trúc Trang, False, 12/31/2004 12:38:22 PM, 10A5
745d911d-ea75-48e1-9b69-00ff528de47b, Võ Việt Phúc, True, 3/12/2003 11:30:53 AM, 10A5
f077d2b3-9c2f-4186-9c00-1d042a8c52d9, Nguyễn Đăng Hưng, True, 2/9/2006 5:01:29 PM, 10A5
a59faef6-12a4-45de-87b9-185aaaf6a030, Phạm Thái Phúc, True, 7/24/2004 1:57:03 AM, 10A5
861d479a-f3ee-48d0-b693-dfda46188d4f, Nguyễn Thiên Anh, True, 4/21/2003 5:27:24 PM, 10A5
d092aae6-f35f-4a4d-be2e-4ee554b6531e, Lê Anh Dũng, True, 4/27/2000 5:23:05 AM, 12A5
e2d5b580-2ce3-4df9-8d47-93e01b1dfdcf, Võ Văn Bình, True, 11/9/2002 11:22:48 PM, 10A5
b62058e8-b3a5-48d3-8d6f-47c1cc9c6499, Nguyễn Đăng Sơn, True, 4/26/2005 4:20:05 PM, 10A5
20361bf8-557a-4b5d-a6c9-4b6c4096af6d, Lưu Thị Thanh Phương, False, 2/20/2002 10:27:09 AM, 10A5
7f1af206-294d-4e5e-817e-03ef86f5de00, Nguyễn Xuân Anh, True, 4/29/2006 6:01:54 AM, 10A5
b085e7f8-80fc-4a35-961d-176f51664366, Hồ Văn Thành, True, 11/7/2005 4:40:05 PM, 10A5
6a1eea62-b02c-4430-9a0f-710a58867882, Phạm Việt Hoàng, True, 2/18/2003 10:59:22 AM, 10A5
89a587ad-22e1-4898-b90c-d5ffa4aeb9ab, Nguyễn Việt Anh, True, 5/8/2005 9:42:12 PM, 11A5
1938b11d-69d8-4b30-956f-9204aff75575, Hoàng Xuân Hùng, True, 4/3/2003 7:54:04 PM, 11A5
c51a8ec1-7c9c-4289-ba0d-c5ae8c4db7bf, Hoàng Gia Nguyên, True, 5/20/2006 5:41:36 AM, 10A6
3c28e19d-86df-4e05-b43e-288d3d485ce2, Đoàn Văn Khánh, True, 11/13/2005 2:05:27 AM, 11A5
90fc0541-e86b-4140-81f3-0bc8b1488b1f, Nguyễn Bảo Trang, False, 10/6/2001 10:40:41 AM, 11A5
44f6c0a2-0343-4eec-a859-ccba2dab0d7e, Nguyễn Anh Khánh, True, 6/24/2002 9:26:10 PM, 11A5
72099780-e186-4d42-91dd-30b5a56728a5, Hồ Đăng Huy, True, 12/3/2006 11:09:57 AM, 10A6
2b837ac1-88ee-44c1-baee-73a7d8b14c82, Nguyễn Gia Khánh, True, 7/29/2003 2:57:08 AM, 11A5
36cf24fd-44e4-4f09-b253-589f51a2a2c6, Hoàng Xuân Hoàng, True, 9/27/2004 4:38:44 AM, 11A5
cd582c2c-8eb2-4f58-bfcf-7174d2086cb8, Lưu Minh Bình, True, 8/26/2001 12:16:19 PM, 11A5
be2cfdff-1b65-4d68-8063-86d7f6c2fd69, Đặng Việt Thành, True, 10/28/2004 6:13:56 PM, 11A5
bb50dba3-33bd-4ec5-ae09-561691b8bd0d, Phạm Minh Uyên, False, 4/27/2001 7:24:27 AM, 11A5
49deadb4-02ab-4770-bccd-6e414c66f544, Nguyễn Anh Huy, True, 2/19/2006 12:32:51 AM, 10A6
363303e2-2260-43b6-9fb5-d95326dd1780, Nguyễn Minh Thành, True, 10/13/2003 10:45:55 PM, 11A5
11cc967e-67e3-48d8-b5a0-2e14b10460da, Trần Thu Linh, False, 12/26/2003 10:32:24 AM, 11A5
6e6f573e-5829-4e26-abee-26a829620da6, Hồ Mai Châu, False, 2/12/2000 7:43:49 AM, 12A5
217d3248-ce18-497e-8f91-7bb085f485d1, Hoàng Thu Linh, False, 2/29/2004 3:42:52 AM, 11A5
89b90fd2-28a1-4483-97e8-cad973c94fda, Lưu Trúc Hương, False, 2/14/2005 2:19:14 AM, 11A5
9f768e48-e712-4b7a-a7df-be737357e059, Nguyễn Ngọc Châu, False, 9/18/2004 5:00:15 PM, 11A5
530b8bb4-f232-4eef-acd6-a8fe9597a607, Đặng Minh Đạt, True, 6/20/2006 10:14:14 AM, 10A6
230bcd1f-c415-4b73-8a51-a0855e626262, Đoàn Phương Khánh, False, 11/20/2001 5:56:48 PM, 11A5
9004e56e-9f8a-47b3-aac8-8cb21f46cdf4, Phạm Thiên Hưng, True, 5/2/2003 3:13:30 PM, 11A5
fe850506-c99e-40d1-a59d-6359917ee1ff, Võ Hoàng Bảo Hoàng, True, 5/31/2001 1:17:51 AM, 11A5
6cd86404-1646-424a-961d-10461bf1919a, Hoàng Phương Nguyên, False, 8/24/2005 2:54:25 AM, 11A5
f8d079d0-6135-4805-8dda-677f2f74f279, Hoàng Thảo Hương, False, 5/21/2003 10:25:11 AM, 11A5
a6f49c47-f548-4d03-817e-0113b5ed55f0, Nguyễn Xuân Huy, True, 4/18/2005 2:26:01 AM, 11A5
aca713f5-217e-41f5-a951-c91e931ae75d, Võ Bảo Giang, False, 9/30/2000 3:17:45 PM, 12A5
5e7018fb-f443-45ab-80d7-d8b66df666d2, Võ Mai Ngọc, False, 5/13/2006 4:14:11 AM, 10A6
6de6093a-5e95-4af2-80ca-3201ac49fd44, Trần Gia Huy, True, 6/30/2000 3:12:29 PM, 12A5
2de9bd81-8276-4a1c-8b69-1b56fad5a3b7, Nguyễn Thảo Thư, False, 2/25/2004 4:32:32 AM, 11A5
81666510-0c87-45ad-8006-7ad67d6ad6fb, Đoàn Việt Hoàng, True, 1/22/2001 6:08:23 PM, 11A5
7c1a587f-4006-42ed-b793-b7d071d23e55, Đoàn Bảo Trang, False, 9/4/2005 4:54:43 AM, 11A5
8782343d-d8a2-433f-a632-17abecf0491b, Võ Xuân Phúc, True, 8/5/2000 7:25:33 PM, 12A5
9a4cb744-09b2-4792-a6cc-e4405fa26bee, Lê Minh Hưng, True, 11/13/2006 12:14:50 PM, 10A6
85c48199-bdf7-4abf-8496-5306dd27ef5c, Nguyễn Đăng Anh, True, 10/17/2002 4:31:16 PM, 11A5
117fe216-f6bd-49cf-b9ab-e4a4c770a996, Nguyễn Ngọc Vy, False, 12/18/2001 2:34:41 PM, 11A5
2a184d38-c16b-4c4f-87f7-e5b96f35a489, Võ Minh Anh, True, 6/4/2000 1:00:24 AM, 12A5
a3608b6c-574b-41f4-817c-fff1fcaaa56f, Đoàn Anh Dương, True, 1/6/2004 9:46:39 AM, 11A5
51990ec2-c36b-4e5d-8845-8dce54236938, Hoàng Minh Thanh, False, 6/25/2001 5:22:11 AM, 11A5
88027a5c-7a6f-4384-8475-fb058643f7dc, Đặng Bảo Châu, False, 10/14/2000 3:51:34 PM, 12A5
88130ded-5472-4853-a4d8-fc3006a537f4, Trần Trúc Phương, False, 10/30/2003 8:45:38 PM, 11A5
cf4f6bc4-8f57-4338-ae83-1ee7790df6aa, Trần Minh Phương, False, 11/15/2003 1:36:52 PM, 11A5
0dfc5deb-b539-48e5-b242-cddd2c508829, Đoàn Hương Linh, False, 7/10/2001 6:52:53 PM, 11A5
a85c8cef-1655-4b95-9445-09b54c749ea9, Phạm Xuân Châu, False, 6/16/2001 9:46:36 AM, 11A5
2f8488f6-c35d-4a13-addd-71647d3e08d0, Phạm Đăng Long, True, 6/20/2004 9:31:50 AM, 11A5
eadb47a0-2e6e-412a-86d0-d65ed597e84f, Phạm Minh Giang, False, 1/8/2000 4:53:20 PM, 12A5
7f371f77-8654-499e-bb18-11d448a2d6b1, Nguyễn Thái Nguyên, True, 3/21/2004 9:02:28 AM, 11A5
0600d093-738d-4f4e-8755-78c398256151, Lê Mai Lan, False, 10/21/2005 12:33:13 PM, 11A5
280de826-587c-4a09-9e16-25b6c3503a2d, Đoàn Phương Nguyên, False, 11/29/2006 3:55:30 AM, 10A6
af6cf815-dac8-4dc1-b479-392b916c7c9c, Lưu Bảo Hương, False, 2/11/2002 11:12:58 AM, 11A5
d289fc6f-9baf-49c0-a340-c6688feebc95, Nguyễn Việt Sơn, True, 11/17/2002 1:41:19 AM, 11A5
c5f983cb-282c-4263-bf5f-10e1dc45de54, Đặng Xuân Thanh, False, 10/22/2002 1:53:20 AM, 11A5
8966e49d-630d-4914-98c6-2452381d98a7, Đoàn Minh Nguyên, True, 3/11/2002 8:32:57 PM, 11A5
caa5d9a7-98c8-4206-ac9b-6a4833114c06, Lê Đăng Phúc, True, 4/8/2005 9:05:52 AM, 11A5
7a7e5cdb-7c98-4c44-8e47-5b4c74c91d15, Đặng Văn Huy, True, 9/27/2000 9:10:27 PM, 12A5
c44e9528-314b-44ed-8f84-4866c658a834, Nguyễn Minh Khánh, True, 3/2/2005 10:34:27 PM, 11A5
64fd0753-d7fe-4340-940f-f6dac0554de7, Phạm Thái Thành, True, 11/18/2003 9:11:27 PM, 11A5
e0f9850b-0ecf-4d24-9338-7f4cf39382ce, Lê Minh Khánh, False, 3/8/2003 6:26:51 PM, 11A5
3b4d4862-0635-4c1a-a21b-0e925d42d20e, Hoàng Thị Thanh Khánh, False, 4/15/2005 9:16:09 AM, 11A5
aa0c9c9e-1f00-4540-b32a-d160d19205b3, Hoàng Minh Nguyên, False, 7/29/2001 6:22:02 AM, 11A5
d7edee32-1a3b-488b-947f-01ef0a9830ae, Hoàng Văn Dương, True, 8/23/2004 4:32:32 AM, 11A5
1477a668-3a4c-4f2e-8631-40c2316cbec9, Nguyễn Việt Đạt, True, 10/15/2003 9:48:23 AM, 12A5
934211e0-411d-41c3-9617-fd8ef0b127b7, Nguyễn Thị Thanh Giang, False, 1/14/2003 7:07:57 PM, 12A5
be89817f-889a-4687-b006-ae4291c8ec81, Nguyễn Thảo Hà, False, 5/24/2006 10:08:15 PM, 10A6
9084f03b-86c6-4653-98d6-73ac8aed597b, Nguyễn Anh Hưng, True, 12/16/2006 9:02:33 AM, 10A6
2ecbdde9-0085-4ad2-93b1-82573ba279b5, Nguyễn Bảo Vy, False, 11/7/2002 6:57:02 AM, 12A5
669747a5-a40a-45ae-87b9-abb9aeb0eb7c, Lê Minh Hà, False, 5/17/2004 9:36:12 AM, 12A5
84ccd113-28a1-4084-a7bc-083a4a9a9dfd, Nguyễn Văn Huy, True, 1/7/2005 8:48:33 PM, 10A6
1f60303a-3053-4cf8-b570-adc0e390e656, Hồ Thiên Duy, True, 5/2/2002 6:26:47 AM, 12A5
a7dee442-a8b8-41c5-8c24-6546618d0efb, Nguyễn Xuân Hương, False, 6/4/2002 1:14:38 PM, 12A5
93c6e5ab-c8f6-40fb-9f47-f5471bdd3dd4, Võ Hoàng Bảo Đạt, True, 10/28/2002 9:47:29 AM, 12A5
a9072c16-11cd-4fd3-8ebe-916b26e43b99, Đoàn Anh Huy, True, 4/22/2002 8:58:06 AM, 12A5
33ab31ed-fe35-4453-8608-f348bc298323, Hoàng Hương Nguyên, False, 6/6/2005 9:45:38 PM, 10A6
30f441cd-adcf-48ce-a48f-e0598fa23594, Nguyễn Thu Hà, False, 9/28/2005 9:27:15 PM, 10A6
216a9b14-194d-48d0-bdbc-bfd7137e3456, Trần Trúc Uyên, False, 11/30/2001 9:39:50 PM, 12A5
dc15ea21-97c9-45e5-8e89-f428be563b7e, Nguyễn Hương Lan, False, 3/22/2003 10:31:11 AM, 12A5
5bca0440-f05c-48fb-a017-4cc4cb782f41, Nguyễn Ngọc Nguyên, False, 2/16/2001 11:47:12 AM, 12A5
670b8c93-0a81-4cd1-b094-84e2e0c700cd, Võ Thảo Trang, False, 9/7/2004 10:14:48 PM, 12A5
3ea553d8-b87b-4312-8643-cca1ce528847, Đoàn Thái Nguyên, True, 12/14/2004 9:37:21 AM, 12A5
78ecef43-2487-47ba-9233-b736da6f46e4, Phạm Xuân Hùng, True, 9/10/2006 12:14:14 PM, 10A6
19a5e3a7-5d93-4954-8266-c84715fc0f0f, Lê Hoàng Bảo Khánh, True, 7/26/2003 12:01:36 AM, 12A5
701f20a1-10c1-4221-9fa3-ca18423718b5, Lê Bảo Hà, False, 9/27/2001 9:36:54 PM, 12A5
b55ad662-3298-40e9-9f3f-05fe18d4fa64, Nguyễn Bảo Vy, False, 8/8/2004 8:55:25 AM, 12A5
f72a9f5c-365f-4050-83cf-b82f92585f5f, Đoàn Thị Thanh Vân, False, 12/22/2005 10:14:06 AM, 10A6
dbefa2d2-3179-4dbd-b042-9bd01d7d381c, Lưu Minh Long, True, 4/15/2006 10:29:47 PM, 10A6
f7d72cfb-4fef-4e2b-b840-9fc1bf164e37, Hoàng Bảo Vân, False, 7/14/2001 8:50:36 AM, 12A5
64505035-a01b-4900-9182-9af5c1a4202f, Trần Xuân Đạt, True, 1/6/2001 12:15:12 PM, 12A5
f57a52eb-66e6-4a74-a85a-47fb39508406, Võ Thái Dương, True, 7/17/2000 7:12:20 AM, 12A5
b73d9524-fc66-4bfe-a39f-20b07c0322e6, Hồ Đăng Long, True, 12/21/2006 7:47:08 AM, 10A6
23e4a58a-8b12-40a3-92cf-ecffd73dd6fa, Đoàn Hương Thanh, False, 8/28/2001 6:12:44 AM, 12A5
b8438c1b-5071-4e7c-9d14-df168e43a8c9, Nguyễn Văn Huy, True, 10/8/2001 11:43:26 AM, 12A5
0c0074c8-45b1-4f61-86f3-34217c4018f1, Đặng Thảo Thanh, False, 6/1/2003 11:37:43 PM, 12A5
51c7211a-390c-491f-a1d1-34e5832eae52, Đoàn Minh Dũng, True, 8/26/2002 6:54:59 PM, 12A5
225e724a-b78c-4f9c-8101-45361e132af6, Nguyễn Minh Nguyên, True, 5/4/2001 3:18:57 AM, 12A5
dfa1a96a-ad79-4e93-874b-4bd174116f8c, Nguyễn Thảo Linh, False, 3/16/2001 4:49:15 AM, 12A5
396fb625-f058-4f89-9464-250227b16f18, Nguyễn Đăng Anh, True, 10/5/2000 6:08:55 AM, 12A5
b2fcc2dd-6c00-47e7-9a4e-1cc58f83a1fe, Trần Thảo Trang, False, 7/9/2004 7:45:44 PM, 12A5
e8e09b25-fd1c-4c91-91d1-5006243fcb4b, Võ Thái Phúc, True, 5/6/2002 8:00:04 PM, 12A5
6dbe2cac-7725-479e-a75b-370da6cb5135, Lưu Trúc Uyên, False, 4/30/2004 8:20:36 PM, 12A5
f6640c14-c612-40fb-82b7-4f7e089106f2, Nguyễn Thị Thanh Uyên, False, 12/24/2003 6:03:14 PM, 12A5
672fccc6-b336-411e-bc1c-23c496d8ca52, Hoàng Ngọc Hương, False, 9/15/2002 6:04:24 AM, 12A5
bf5163f5-83b8-4b43-aa53-4984b54dd7b1, Phạm Phương Châu, False, 3/28/2006 3:53:52 PM, 10A6
033c0bf8-8c6c-477a-8cab-72a5ed342393, Hồ Bảo Uyên, False, 7/12/2000 1:20:14 PM, 12A5
95655fdc-b6f4-4714-bcd6-a337eb1883ec, Hồ Đăng Dương, True, 1/4/2000 9:41:20 PM, 12A5
7ed6a3ec-3302-4e0d-86d7-2de135650c1e, Hoàng Minh Dũng, True, 9/30/2001 9:35:52 PM, 12A5
1e8bcdd7-651c-4ea1-aa48-61ae1123d8ac, Phạm Đăng Anh, True, 10/24/2006 5:50:18 AM, 10A6
81f86288-7eed-4742-9f71-c4ac1691f39d, Nguyễn Minh Huy, True, 12/22/2005 2:30:20 PM, 10A6
8a2e173e-b943-484c-8ef2-3334e44dea32, Đoàn Thị Thanh Lan, False, 10/8/2006 2:08:09 AM, 10A6
aa81825d-b116-4f2d-b43c-29f0aeebe66d, Nguyễn Xuân Anh, True, 5/26/2006 5:34:06 AM, 10A6
9f0ccf23-0cfe-4bc6-a27d-09c1ded2b286, Phạm Đăng Long, True, 1/26/2002 5:54:25 PM, 12A5
083d471a-88fe-48ef-9bf4-8b686a4868da, Nguyễn Anh Hưng, True, 2/11/2004 10:27:17 AM, 12A5
4f8f0631-31b9-493d-a8b9-a367da5d6918, Nguyễn Thiên Hưng, True, 5/23/2004 3:14:19 AM, 12A5
01e50d84-5eb2-4ec3-bd18-abf3a9f3d04d, Nguyễn Minh Linh, False, 3/9/2000 1:56:07 AM, 12A6
424cf77f-cde7-42f9-9306-22de8242ecd0, Nguyễn Gia Sơn, True, 4/3/2001 10:47:41 AM, 11A6
98a2e932-a3bd-4087-a308-674b4df46a53, Lê Hương Khánh, False, 1/11/2004 11:13:34 AM, 10A6
2918fc72-0873-47ec-924a-5099b8121c20, Phạm Minh Bình, True, 7/3/2002 2:49:25 AM, 10A6
8429f05b-830d-4570-85b4-fdac8427b07a, Trần Thị Thanh Lan, False, 10/6/2003 6:26:11 AM, 10A6
b27e6b88-68b2-4464-9f79-e4cf962939f0, Nguyễn Thu Hà, False, 2/2/2002 9:51:33 PM, 10A6
8130f253-7812-45fd-b0dd-a83e987d6f19, Phạm Ngọc Châu, False, 8/12/2000 6:20:25 AM, 12A6
af18baf9-c2e8-4fca-9bfe-d52f842de44c, Nguyễn Đăng Dũng, True, 4/14/2001 7:29:43 PM, 11A6
2801da72-becb-4f5f-84e2-ba593cf61574, Trần Minh Dương, True, 7/14/2000 7:27:38 AM, 12A6
c5e938a4-17f6-435e-b18c-4b8810b6a084, Nguyễn Trúc Thanh, False, 3/18/2006 3:26:55 AM, 10A6
88433f84-d9ba-4c56-b4c4-3f032fb13bf2, Đoàn Phương Uyên, False, 6/9/2006 6:12:39 AM, 10A6
acd77d0c-f63c-458f-8aa0-e037c2513c1b, Lê Đăng Đạt, True, 9/27/2006 12:46:41 PM, 10A6
6e75dd16-a201-4317-beae-40b853ec0b4e, Phạm Thị Thanh Ngọc, False, 2/10/2003 2:11:52 PM, 10A6
967c478a-83df-40c9-bd9a-319253d1bfe1, Lưu Xuân Linh, False, 2/16/2006 4:14:41 AM, 10A6
49ce65ca-289c-4895-a60f-5cf27f808329, Phạm Minh Hà, False, 4/22/2005 5:02:49 AM, 10A6
0e34e20f-124b-4480-896c-c3b9b3e1f17a, Đặng Văn Long, True, 12/23/2002 11:49:33 AM, 10A6
6cd6156f-0aa3-492a-abca-097a9d3ecca8, Hoàng Phương Phương, False, 5/21/2004 7:30:08 AM, 10A6
fd092686-9ef4-4eaf-9761-cecd12e6c745, Nguyễn Phương Lan, False, 10/6/2004 3:21:33 PM, 10A6
2944e1fc-1d3a-4477-9861-5c9254213ac0, Võ Gia Thành, True, 10/8/2005 11:57:24 PM, 10A6
11485e22-f879-4373-8f48-81b102d1d16a, Đặng Hoàng Bảo Hoàng, True, 1/29/2002 1:35:07 PM, 10A6
1c617a9d-8a16-468b-88f4-460930ed06b9, Đặng Thu Thư, False, 8/26/2000 10:37:58 PM, 12A6
a4ea5572-e295-4c41-b994-c4a8d5b174da, Hồ Ngọc Hương, False, 3/30/2006 3:07:15 PM, 10A6
8d5264c5-5369-4f93-82d0-d3cf5b3427bb, Nguyễn Mai Thư, False, 11/13/2006 8:41:04 PM, 10A6
391aee81-f6c1-48ac-b217-dfbbcfb8dae4, Hoàng Xuân Anh, True, 3/24/2001 6:18:29 PM, 11A6
c3d1f81f-cf2d-4fc0-b97c-ef03992c3886, Nguyễn Đăng Khánh, True, 6/28/2005 8:42:00 PM, 10A6
4b5180b1-d141-4ef1-b289-4003c6605b05, Hồ Thảo Giang, False, 2/8/2001 9:13:03 PM, 11A6
a50fe68a-adbf-4df6-8f01-42c13e37f98d, Nguyễn Thu Vy, False, 11/14/2000 6:48:07 AM, 12A6
7f453530-7aa9-412b-b130-a8320df78978, Đoàn Thảo Khánh, False, 2/19/2004 12:08:08 AM, 10A6
6d740bff-043f-4245-9d8e-10f033ec6e5f, Hoàng Xuân Giang, False, 6/16/2001 9:05:00 AM, 11A6
1d115c36-915b-4b53-b2f0-b5d78a2bf35b, Hoàng Thái Thành, True, 4/6/2000 11:43:22 AM, 12A6
17914422-39a7-4c02-a313-aa15470a86d3, Trần Hoàng Bảo Phúc, True, 2/29/2004 4:12:04 AM, 10A6
73436a07-cdc0-4c72-a0a8-31a572a3796c, Nguyễn Anh Sơn, True, 2/13/2006 4:46:39 AM, 10A6
610633d5-99ad-4286-9a8a-9f3c97643312, Đoàn Hoàng Bảo Bình, True, 12/1/2006 6:52:13 PM, 10A6
65c783f9-93b9-433e-9ebf-b9eed1031a60, Đoàn Minh Uyên, False, 7/2/2004 6:36:28 AM, 10A6
b1789fbe-d281-4ece-ae20-b12c8bb50ee4, Hồ Phương Nguyên, False, 8/4/2005 7:30:41 PM, 11A6
47dafbc5-9c49-4836-97dc-9cea639a2fb5, Võ Gia Hùng, True, 4/20/2002 2:48:34 PM, 11A6
5e1c12d9-df8d-41d5-9ede-4649140607ef, Nguyễn Thu Linh, False, 5/31/2004 9:36:36 PM, 11A6
410ebe3b-bfc4-4166-8c6a-7ddd2bdaa074, Hồ Minh Anh, True, 2/5/2001 12:20:29 PM, 11A6
cf130c3f-6b46-406b-87f0-2030df81f19e, Hồ Thu Hà, False, 7/17/2003 6:45:17 AM, 11A6
ecded162-d147-4dcd-abce-b57c002b879d, Đặng Thị Thanh Uyên, False, 8/29/2002 5:32:01 AM, 11A6
d35906ab-6615-4897-9d24-8866527d00d5, Hồ Đăng Hưng, True, 7/29/2004 11:55:02 PM, 11A6
bced9988-9ba8-4a4e-9da4-5ad152b3701d, Nguyễn Phương Hà, False, 1/28/2006 6:28:17 AM, 10A7
a7a8404d-b6ae-4a7e-b071-37f0e62286ff, Hồ Việt Đạt, True, 3/12/2005 4:47:38 PM, 11A6
244e2813-2fff-4c1e-abca-b2bde1110378, Trần Việt Dũng, True, 3/9/2004 11:13:45 PM, 11A6
55a3deaa-ff06-4786-a873-2fda7269fcda, Đặng Ngọc Phương, False, 1/9/2004 6:47:11 PM, 11A6
fa999342-7445-4e9b-972c-c0096bddb5fe, Phạm Minh Hoàng, True, 10/11/2000 7:28:48 AM, 12A6
80064e58-4ad9-471b-9aa2-a86340d5b9cd, Nguyễn Gia Hưng, True, 9/29/2006 11:02:15 AM, 10A7
98d01db1-ec11-43a9-88e2-67a5ffd77970, Hồ Phương Lan, False, 3/13/2000 7:59:25 PM, 12A6
55507997-040b-48b0-9aac-d5b27ce30306, Nguyễn Thảo Vân, False, 9/20/2006 10:48:16 PM, 10A7
835c45cc-bc49-4212-bf2a-b0d6b2e650e1, Võ Minh Khánh, False, 10/2/2002 10:00:37 AM, 11A6
3c97f149-0c3a-474f-b1e4-9d8357b0b903, Đoàn Phương Giang, False, 11/4/2003 12:38:01 PM, 11A6
2fc9cd33-9127-4261-a494-f0fd69f71779, Trần Đăng Phúc, True, 5/10/2001 5:42:12 PM, 11A6
37e0ce73-6a8e-4236-a1ab-84eb8226a473, Phạm Thái Khánh, True, 2/24/2000 6:18:31 AM, 12A6
30cea16f-9e8b-46ed-86eb-bcfa6516209a, Nguyễn Bảo Trang, False, 1/5/2000 3:13:05 PM, 12A6
122debdb-35a8-4873-b99d-787080dbb665, Trần Anh Huy, True, 3/14/2001 3:39:10 PM, 11A6
6c733bc5-c384-4033-b4c0-6100d52a1899, Nguyễn Hương Lan, False, 12/2/2000 8:48:10 AM, 12A6
8dc473b2-881f-4780-85c1-69174f1ada28, Nguyễn Bảo Vân, False, 8/18/2003 8:32:21 PM, 11A6
8dbe2e72-aee8-4821-a665-cc539ea62837, Phạm Minh Nguyên, False, 3/30/2006 10:24:44 PM, 10A7
e5c9c571-dca1-4676-a435-4b452e72ee60, Trần Mai Trang, False, 11/28/2000 2:54:07 AM, 12A6
d0a8a100-9515-4666-875f-990c027fb142, Đoàn Thái Khánh, True, 8/31/2001 12:05:16 PM, 11A6
6f6ed849-2e45-418e-9369-008096e4070f, Trần Thị Thanh Thanh, False, 1/15/2000 6:33:10 AM, 12A6
3f114678-30d4-47b9-8729-fd8c446d3e2f, Trần Minh Long, True, 12/20/2002 6:42:05 AM, 11A6
1de117bd-38ff-4988-a81c-a24715fad0b3, Hồ Xuân Hương, False, 7/22/2004 9:57:59 AM, 11A6
cb3912a2-aff6-4d86-bcae-d0d52dbeae44, Phạm Anh Hoàng, True, 11/11/2006 3:38:47 PM, 10A7
6affd12b-a054-43fe-ba6e-0e59947f0450, Võ Việt Khánh, True, 6/27/2001 12:59:52 AM, 11A6
7f916047-e830-4cb5-85f5-2673e33dc02b, Nguyễn Anh Bình, True, 5/30/2004 10:47:20 AM, 11A6
9730c97d-23e6-4834-8b17-38d2e5b35c75, Phạm Việt Thành, True, 9/29/2001 3:01:23 AM, 11A6
61efcd69-85c3-474e-b9ab-4c4b02074f7e, Nguyễn Thái Duy, True, 11/25/2003 4:34:24 AM, 11A6
04462a2d-6cd6-44be-9c01-de8f58f2ff0e, Đặng Trúc Thanh, False, 11/22/2005 6:34:31 AM, 11A6
92f0819e-b4dc-495a-a6f5-be4d8e462249, Nguyễn Gia Khánh, True, 7/22/2004 1:27:29 PM, 11A6
f9dd5063-e21d-4373-929d-07eab6c668e4, Nguyễn Anh Duy, True, 8/28/2001 4:39:51 AM, 11A6
197cb8a7-81f7-41ae-bf30-4bf38c51219e, Đặng Thái Dương, True, 1/3/2000 6:10:23 PM, 12A6
7627be6d-58c7-4e8c-8e51-de74e366a3a5, Nguyễn Văn Duy, True, 1/9/2005 2:10:10 AM, 11A6
6f7c8b44-ba39-4def-a919-c1deee9a3c22, Đặng Hương Châu, False, 6/18/2001 4:42:52 AM, 11A6
b9083b16-4f73-4a57-bee2-65051475b270, Võ Phương Hà, False, 4/24/2003 6:25:05 AM, 11A6
9efd552b-615a-4878-baff-f784627677fc, Hồ Bảo Hương, False, 11/13/2000 7:37:17 PM, 12A6
363489fb-d9a7-4085-b7d5-c28b7818efc8, Nguyễn Thị Thanh Vân, False, 6/30/2005 8:50:17 AM, 11A6
348a987d-5a25-476f-8e19-d18c058a4d3b, Hoàng Gia Phúc, True, 1/20/2003 8:26:59 PM, 12A6
160b6c78-f1dd-454d-ac5d-2cdab36325f7, Hồ Xuân Trang, False, 12/5/2003 5:16:31 PM, 12A6
4c2c93fa-0d44-4264-9232-df2da345ae50, Nguyễn Mai Thư, False, 11/21/2005 12:29:07 PM, 10A7
5c038a9a-6f13-43b4-ad5c-6c3582d62605, Võ Gia Dương, True, 6/30/2004 11:30:11 AM, 12A6
cbddc55d-73d4-4a5d-9091-048ab999317e, Võ Đăng Đạt, True, 10/25/2002 8:04:23 AM, 12A6
cd82b612-05cf-4f18-ad0f-d3233d87e798, Nguyễn Đăng Đạt, True, 10/11/2000 3:32:40 AM, 12A6
b07daeff-1728-4d0b-9b4e-ab424229fc76, Hoàng Thiên Dương, True, 4/21/2002 10:21:34 PM, 12A6
555d1ed5-9543-4e4b-830d-f3a7ba5a3e81, Nguyễn Thái Thành, True, 8/26/2004 9:16:47 PM, 12A6
ebf74f55-138f-41bf-ab06-67853d0c656c, Võ Thiên Hùng, True, 6/30/2006 11:09:57 PM, 10A7
712a7ceb-92a8-4520-a766-506bcc2e9946, Nguyễn Ngọc Nguyên, False, 8/6/2006 5:58:39 PM, 10A7
2d5ef615-1f2d-4e76-baa2-6253be3f237a, Trần Thái Dương, True, 1/31/2000 1:29:47 PM, 12A6
b47d55b8-9df6-4a71-8389-e2550e6abeeb, Nguyễn Việt Dũng, True, 1/28/2006 8:30:26 PM, 10A7
08235ad1-c694-4702-952d-de6e8b816668, Trần Xuân Hương, False, 7/11/2001 5:02:26 AM, 12A6
2d83157c-d2a0-4366-b01e-510a66be1a88, Đoàn Xuân Hưng, True, 4/3/2000 3:15:07 PM, 12A6
a3948319-0fa5-44b8-9a34-dec2f810de5c, Hồ Hương Thanh, False, 1/17/2006 8:44:39 AM, 10A7
b9be5fe8-222e-438b-a801-e9042a239c4b, Nguyễn Hoàng Bảo Sơn, True, 2/6/2001 11:31:23 PM, 12A6
5fa6af4b-9051-4e37-9db4-ef17aac08ba5, Hồ Xuân Đạt, True, 11/25/2001 8:29:08 AM, 12A6
07ac2e09-886b-46ef-9556-3d1cd40956e1, Lê Thu Uyên, False, 5/2/2005 4:51:23 AM, 10A7
b3f19dcc-3881-4b43-848d-534e42b8edde, Lưu Thái Huy, True, 7/12/2006 9:32:11 PM, 10A7
0b2145a1-1d74-46e6-8f32-049c6504d15f, Nguyễn Minh Nguyên, False, 1/11/2000 7:49:59 PM, 12A6
9dc56f8a-1387-475e-91cc-54e99c98bc75, Phạm Gia Hưng, True, 11/18/2002 2:04:03 AM, 12A6
28cb93a7-8958-440c-9bd4-535c0fa8a4a9, Đoàn Thu Thư, False, 10/28/2004 8:54:01 PM, 12A6
96a2e01d-b227-4036-8f11-7723b8070093, Lưu Thu Vân, False, 3/8/2000 4:55:37 AM, 12A6
27c1e444-72a7-45a1-a9b3-f999c99ac23d, Nguyễn Văn Dũng, True, 7/2/2005 3:07:40 PM, 10A7
ac89c98a-98b7-49b7-b94b-86edb24876f9, Hoàng Thị Thanh Giang, False, 11/2/2004 9:48:02 PM, 12A6
cd41909f-67ae-4b15-bfc8-f6113f9037e9, Hồ Thiên Dũng, True, 7/11/2001 3:53:38 AM, 12A6
09f90cd8-0378-4b10-aa7c-7bb45a6d086c, Nguyễn Anh Bình, True, 12/28/2000 6:10:11 AM, 12A6
c0f15b15-f20e-4182-954e-dc53b628c450, Nguyễn Thảo Trang, False, 9/17/2005 8:00:03 AM, 10A7
66be62d2-e018-4b0c-9096-ea60ed4f6d5f, Nguyễn Bảo Lan, False, 6/21/2005 7:33:00 PM, 10A7
238ff8e2-2cb2-4158-a997-1b299cc67fff, Nguyễn Thiên Huy, True, 10/4/2001 8:31:37 AM, 12A6
f800a4ad-2519-4e8b-b916-66bebd520291, Phạm Minh Hưng, True, 11/1/2000 3:43:58 PM, 12A6
2eac0d9e-103a-462d-9510-24000a093952, Nguyễn Hương Ngọc, False, 3/14/2003 8:11:43 PM, 12A6
64a0d11f-3c3f-4331-9d21-776eea67a5ce, Lưu Đăng Nguyên, True, 1/8/2004 12:59:10 PM, 12A6
7064439a-605c-4241-9ba3-dc333a55914f, Trần Anh Hùng, True, 5/4/2004 3:46:24 AM, 12A6
d5886ea8-0727-45f5-a4d1-67a0529e15c2, Đoàn Minh Linh, False, 11/13/2000 8:28:31 AM, 12A6
484458ac-b7ab-4fca-8bc9-b4d0ee22ce2d, Đoàn Hoàng Bảo Nguyên, True, 10/17/2006 1:59:46 AM, 10A7
912b7ec9-a625-45aa-b35e-f7daf5fe7271, Nguyễn Mai Vân, False, 10/8/2005 5:53:30 AM, 10A7
6ccbdeff-650d-4ebf-96d9-71f25d6562cd, Phạm Anh Huy, True, 3/27/2005 10:59:32 PM, 10A7
027bc5ff-fb79-4271-a159-3c080db168f6, Đặng Phương Nguyên, False, 5/15/2004 9:20:48 PM, 12A6
0c5db0b4-4561-4698-831f-48b835ee3889, Nguyễn Hoàng Bảo Dũng, True, 1/13/2003 11:37:40 AM, 12A6
a272ed49-0b55-4a86-8092-25d3f6bed3d1, Lê Xuân Huy, True, 12/25/2006 3:04:46 PM, 10A7
d79aec6d-5343-4cb2-99a6-43239af2aae5, Nguyễn Phương Nguyên, False, 4/27/2001 11:03:23 AM, 12A6
25eb02cb-5b1b-4ccb-9ca6-66bb829b8c1e, Nguyễn Phương Lan, False, 9/1/2001 4:28:18 PM, 12A6
2ee0a040-e0b7-484a-9fe8-bc0ccf65da54, Lê Phương Hà, False, 4/30/2002 5:05:29 PM, 12A6
b3e34eab-f94c-46f3-9763-89876378bbb4, Lê Ngọc Trang, False, 9/6/2005 3:13:32 AM, 10A7
856065ed-bd0b-4df5-b14e-5b9ff938afc9, Đoàn Hương Giang, False, 4/1/2005 6:21:51 AM, 10A7
d354588e-9370-4701-b142-16a829a1c428, Đoàn Gia Sơn, True, 1/2/2006 6:38:15 PM, 10A7
07fad86c-312f-4d1b-b467-59dc792851ce, Đặng Thu Linh, False, 8/23/2003 8:06:13 AM, 12A6
e26fde53-10fc-42a0-a9d5-7dbbe1431c4c, Nguyễn Xuân Linh, False, 4/28/2002 3:44:35 PM, 12A6
c8f793c9-b375-477a-bec8-ed3040c5cee7, Nguyễn Minh Huy, True, 7/12/2001 5:39:15 AM, 11A7
7c8b64b4-4f3d-43a2-8f8f-e0787afb4416, Võ Thiên Đạt, True, 2/29/2000 3:29:39 AM, 12A7
b0a11850-523d-416b-a432-3b97a63f26a0, Nguyễn Trúc Thư, False, 10/18/2005 11:10:14 PM, 10A7
b195cc0a-3c3a-4cdc-884f-7f72d2779a45, Phạm Minh Bình, True, 6/26/2001 3:31:01 PM, 11A7
a1aeb8ce-cd7d-4d45-b09e-22e17f14a871, Phạm Thiên Huy, True, 12/30/2004 9:36:33 PM, 10A7
27687eca-19d0-47e9-9e1e-b6a4b9ed6864, Hoàng Hương Giang, False, 5/20/2005 2:46:52 AM, 10A7
1116b692-b404-4c80-87bf-018dadabf651, Võ Gia Sơn, True, 4/27/2004 3:16:35 AM, 10A7
e2a9d4a1-f5a2-4444-ad33-4e6a029f15d0, Lưu Thiên Hưng, True, 6/23/2003 6:45:14 AM, 10A7
a055c2d6-4fab-4fc3-99b0-b7c6484e2942, Hoàng Thảo Uyên, False, 3/18/2002 10:12:51 AM, 10A7
e973c4a4-ee6f-4440-b6ab-189a9cf6e6ba, Nguyễn Ngọc Châu, False, 4/30/2003 5:06:58 AM, 10A7
730f2d6f-43a2-4612-a49e-404c492acaff, Võ Xuân Khánh, True, 7/24/2004 12:35:59 AM, 10A7
f39fde8e-c42d-41ce-8c33-132c9a7c545b, Nguyễn Gia Dũng, True, 3/18/2004 11:05:08 AM, 10A7
0c14e7d8-7975-47ff-892d-466cc3c3674f, Trần Bảo Phương, False, 5/19/2006 4:08:17 PM, 10A7
6710a8b9-6f45-425b-ac8b-8dcfecfc696e, Lưu Xuân Nguyên, True, 6/8/2004 7:31:50 AM, 10A7
92c71826-40ba-4a53-a297-e586b9c744f4, Nguyễn Thảo Hà, False, 11/24/2003 12:10:58 AM, 10A7
2cff1b96-6b08-42d4-8b20-c44939fa15db, Hoàng Việt Thành, True, 6/25/2004 3:30:15 PM, 10A7
9b4c23f0-15bc-4c83-8c3f-efc44b87aadc, Lưu Minh Hùng, True, 4/25/2004 1:27:58 PM, 10A7
16d8f11f-96d7-4e48-9a03-36186aaadddf, Hồ Minh Thanh, False, 12/15/2002 7:55:37 PM, 10A7
62e4936c-a49e-4cf0-9e60-98a1b5810f6e, Nguyễn Thảo Hà, False, 12/27/2001 1:36:37 AM, 11A7
d2bbdc15-4e25-4de6-a9b7-679e4a3dc635, Trần Ngọc Hương, False, 10/19/2002 5:54:36 PM, 10A7
a9a1f128-6177-46a9-9e76-bd261d2def8e, Đoàn Phương Ngọc, False, 2/8/2003 8:01:49 PM, 10A7
96a23518-1eed-4890-a5f9-cff68b8e7934, Hoàng Thu Thư, False, 12/21/2001 9:45:53 PM, 11A7
a006c5b2-a7a1-4c72-8d60-cdd4bf2c643e, Nguyễn Văn Long, True, 7/30/2005 4:38:30 AM, 10A7
3b2bd08f-5c6e-46df-98c7-852668603e93, Đoàn Thiên Hoàng, True, 12/14/2004 8:01:38 PM, 10A7
b002a72c-b19c-4835-be67-ddabd0f20f44, Lưu Anh Thành, True, 11/24/2005 6:31:04 AM, 10A7
605b20e6-c88c-472e-8c51-9fb73bbdc885, Võ Việt Bình, True, 1/2/2005 2:53:50 PM, 11A7
b5c9033a-2356-40be-9986-7ae9d4f6a685, Hồ Thảo Hương, False, 12/10/2002 9:46:03 AM, 11A7
22cd0141-0fdd-41f7-8ef9-7db94d5883f8, Nguyễn Hoàng Bảo Hưng, True, 1/13/2002 5:06:01 PM, 11A7
8fe15eff-ef73-4db6-a381-95e5d2f4dc2a, Đoàn Thu Vy, False, 10/20/2004 9:15:46 PM, 11A7
61936f8b-f2e8-4ce4-9342-65bd2109ac88, Võ Thảo Châu, False, 12/10/2000 3:00:48 AM, 12A7
2634c359-e7b9-4929-af46-d51446551308, Lê Mai Giang, False, 1/8/2005 12:13:23 PM, 11A7
36af7fab-2255-44a5-8ffb-6cbead822ae8, Lê Thiên Thành, True, 6/22/2001 10:30:54 PM, 11A7
8c327dd0-4af8-4cea-880b-cb0c6ca69d7f, Nguyễn Trúc Vân, False, 3/13/2000 1:19:04 AM, 12A7
37b51cec-1b99-4dd0-8423-4ab14a0faf8b, Nguyễn Đăng Hoàng, True, 8/29/2006 5:20:02 PM, 10A8
6936b59b-2a6b-44c8-b5ec-a509f005f9bf, Lưu Hoàng Bảo Bình, True, 6/26/2004 2:39:18 AM, 11A7
35a40def-ba12-45ac-9f54-c6fc6da1f8f3, Nguyễn Phương Ngọc, False, 3/10/2000 7:57:54 AM, 12A7
235cb3d3-2f6e-458b-9b65-eac1b6b3fd7b, Nguyễn Bảo Linh, False, 4/13/2005 10:35:44 PM, 11A7
116b4818-5884-4230-bf5b-90b4f1837e14, Nguyễn Thái Phúc, True, 4/6/2006 1:03:51 AM, 10A8
17440871-fb4c-4eaf-be5e-f9f818b9ce8a, Hồ Minh Dương, True, 11/8/2002 5:44:19 AM, 11A7
bdbd5751-b8b0-4223-992d-6a387d6c5920, Võ Hương Uyên, False, 11/4/2004 9:23:50 PM, 11A7
38a38c9d-622b-4afd-ab5f-06d9723d4304, Nguyễn Ngọc Linh, False, 6/21/2001 12:35:31 PM, 11A7
a9539334-710e-41a9-90f9-3f649e7132f5, Nguyễn Anh Dương, True, 10/23/2004 4:07:23 AM, 11A7
5abdee34-bd62-4e5f-9114-e8deade46068, Nguyễn Thị Thanh Thư, False, 12/20/2005 8:13:06 PM, 11A7
deabbb6a-cf49-4d33-904a-eb066e8b6c22, Nguyễn Xuân Hà, False, 3/5/2004 11:02:38 PM, 11A7
04fc81bb-a729-43f1-8fe2-f603c2a8fe9d, Phạm Thị Thanh Ngọc, False, 6/6/2004 5:32:19 PM, 11A7
b1951883-2f1c-49e1-be4d-a21614459720, Lưu Minh Trang, False, 9/18/2004 2:47:24 AM, 11A7
c7a77dad-0ced-43c2-90c9-ae239e90f83e, Nguyễn Bảo Lan, False, 9/28/2000 12:18:26 AM, 12A7
e5c263da-dc5c-4516-82a6-5b1c6073aefc, Nguyễn Xuân Thanh, False, 10/16/2004 7:27:31 AM, 11A7
cce949f2-4b6f-4171-9ef4-58d1d5659fb1, Trần Hoàng Bảo Sơn, True, 7/12/2005 12:55:14 PM, 11A7
47f6d258-2954-4358-a9f3-c2671300d028, Hoàng Hoàng Bảo Hoàng, True, 11/27/2005 3:04:51 PM, 11A7
30110124-0506-4525-a3bf-3e1e61da4fc1, Nguyễn Xuân Trang, False, 11/12/2002 12:55:44 AM, 11A7
1dcd6f9f-e326-4d5f-b564-5f5a6db8ebb8, Đoàn Đăng Bình, True, 6/9/2006 7:01:05 AM, 10A8
b72cd1e4-c0c4-43a9-bca6-52e72e91c6cb, Lưu Việt Nguyên, True, 7/29/2003 2:47:23 AM, 11A7
6165ceca-4570-4105-b2c4-21c57317ed21, Lưu Hoàng Bảo Duy, True, 10/1/2005 11:35:49 PM, 11A7
022c2a56-0083-4f6d-b361-8c07a7ee163c, Lưu Minh Phúc, True, 6/24/2001 1:48:29 AM, 11A7
ffbaec27-06e7-4433-a68a-862232642734, Trần Thu Thư, False, 9/25/2002 5:30:34 AM, 11A7
00629ba9-dbe6-4cf4-9ac6-e6f33cb296f7, Trần Gia Hùng, True, 4/27/2003 8:03:20 AM, 11A7
782433c8-ffaf-43f9-ac0f-83aa65996151, Lưu Thị Thanh Ngọc, False, 9/22/2005 9:31:36 PM, 11A7
9f33c5bb-cb3b-4de3-95d9-122a074fc623, Võ Phương Hà, False, 9/7/2006 12:18:51 PM, 10A8
a625211b-ac48-4aa2-947e-6f77efef9895, Đoàn Minh Khánh, True, 3/26/2002 7:37:07 PM, 11A7
a367cc34-9f82-4aa1-a678-1a37cf0b8490, Phạm Minh Long, True, 8/11/2000 3:39:47 PM, 12A7
d982c0f3-545c-4347-adfd-0f40e2abdc9f, Nguyễn Gia Bình, True, 3/18/2000 5:00:32 PM, 12A7
44220e46-8a9f-4784-b330-655e477bd11a, Nguyễn Mai Châu, False, 10/25/2001 7:34:12 PM, 11A7
c5ac9caf-4119-452b-bf60-7119ba5fde3c, Nguyễn Việt Anh, True, 6/19/2006 3:56:44 PM, 10A8
4f5b1a9c-740e-4cf8-a470-f7a89cd31d15, Hồ Thị Thanh Châu, False, 2/19/2002 5:54:33 AM, 11A7
ba1ab6a7-b55a-4364-9a28-e9779ecce86b, Đặng Phương Hương, False, 10/30/2006 3:11:24 AM, 10A8
f5e23cc0-a6ef-4323-a6da-17bcd8f3b806, Trần Bảo Phương, False, 12/27/2000 6:57:42 PM, 12A7
9ee20223-9894-45ae-b36f-54641a8b4654, Hoàng Mai Vân, False, 1/22/2002 3:42:33 PM, 11A7
ea906c5b-928c-4450-b3a0-7660f91cf0b0, Nguyễn Mai Phương, False, 8/26/2005 1:25:03 PM, 11A7
386889ab-d26e-4929-8cb5-d584baf22a27, Đặng Gia Huy, True, 2/13/2000 8:02:41 AM, 12A7
4d000123-6229-4909-85aa-46ce30ee8413, Hoàng Xuân Hùng, True, 3/16/2001 5:21:27 AM, 11A7
a6ad4fd5-df8e-40e8-a48a-cdccedf00daa, Đoàn Văn Hùng, True, 3/4/2000 6:19:21 AM, 12A7
a8bff9e0-cc5d-4875-8295-f3b9902ed9ec, Nguyễn Gia Dương, True, 9/30/2002 7:30:48 AM, 11A7
2bb81c07-3fdc-45af-bbf5-73a77280d151, Trần Anh Dũng, True, 8/16/2005 4:48:28 AM, 11A7
26237939-b996-4a38-b32f-8e6350892340, Trần Thu Lan, False, 5/27/2000 9:21:01 PM, 12A7
804bb471-e35b-4e53-8f9a-7f79e13d4067, Võ Mai Vy, False, 7/23/2000 1:54:19 PM, 12A7
ce4e6886-25ca-4142-b09f-a2a1295ebe1f, Hoàng Thái Long, True, 1/25/2005 2:59:11 AM, 11A7
f794bf20-681c-4cdd-a6a3-0581d636d4ed, Trần Anh Dũng, True, 5/6/2002 9:40:36 AM, 11A7
f54b1dff-3915-43bd-b5b7-aaeba895a668, Lê Thái Duy, True, 2/26/2006 10:20:41 AM, 10A8
f71359eb-87ab-418a-b446-f09176be1bd1, Lê Gia Bình, True, 3/26/2000 6:43:53 PM, 12A7
3116bb5c-43c3-49f9-aa50-263f9b71f2af, Nguyễn Trúc Giang, False, 2/16/2006 8:09:41 PM, 10A8
55d95f1b-60eb-4763-9ad2-8eb0c80048b4, Nguyễn Việt Thành, True, 6/29/2005 5:24:58 AM, 11A7
c5346f5b-4472-4647-8dbd-e0c621f1cd0d, Trần Thu Ngọc, False, 5/26/2006 1:54:59 AM, 10A8
caff317b-0ecf-47a4-b668-c88dfd8fa76f, Võ Hương Trang, False, 2/28/2004 12:16:29 PM, 11A7
7b9ae0d8-918b-41a3-a808-c9c2776b745e, Võ Thảo Vy, False, 9/3/2003 8:45:46 PM, 11A7
9cbfb232-ff9f-4f84-8cd4-15ad745ea6d7, Phạm Bảo Thư, False, 1/3/2002 11:57:41 PM, 11A7
d2c58926-cff1-433c-98c9-656739513b21, Hoàng Thái Anh, True, 5/27/2005 4:12:46 AM, 11A7
511ba34f-02a7-4c00-9c21-f9d2fc718ec6, Nguyễn Thị Thanh Nguyên, False, 1/16/2005 3:47:01 AM, 11A7
140fe63b-c16f-421b-b0d6-ea2f82c085ff, Nguyễn Thái Đạt, True, 1/23/2003 5:27:32 PM, 11A7
62c3961c-fa90-45c6-86a8-c98801b1b1cd, Lưu Thái Hưng, True, 10/27/2005 4:52:16 PM, 11A7
2a1bf121-434b-4be8-a3e0-23fd32b74f70, Nguyễn Minh Uyên, False, 8/5/2005 1:49:48 AM, 11A7
8fdb6b03-da49-4ece-8902-01d26a78ab1d, Lưu Thái Duy, True, 7/12/2004 12:03:25 AM, 12A7
a98f1521-851b-4a5c-b2dc-a47c0d006645, Nguyễn Phương Nguyên, False, 7/5/2000 10:31:18 PM, 12A7
a53da314-c1e0-40a3-b912-cc31c39cb361, Đặng Hoàng Bảo Hưng, True, 2/9/2006 3:27:07 AM, 10A8
53727c14-ff9c-4cef-8ecb-57655d62b7da, Nguyễn Hoàng Bảo Huy, True, 3/8/2000 8:56:13 PM, 12A7
e402006b-cce5-4b49-82c6-546ce3eab2d6, Phạm Hoàng Bảo Dũng, True, 3/25/2000 7:57:50 PM, 12A7
6f8d45a1-d5ba-45a8-97ea-249f14559fbe, Trần Thu Phương, False, 7/9/2003 3:39:09 AM, 12A7
8620fc6a-5ee6-476b-b6d5-2162f11d00e6, Hồ Phương Châu, False, 8/27/2000 12:31:47 AM, 12A7
b52a7be0-b936-45ea-8608-f95d3aa4b51f, Lưu Minh Bình, True, 7/20/2005 12:15:40 AM, 10A8
a9dab7b0-a2bd-48ed-bf15-3d62497e9c9c, Lưu Minh Trang, False, 4/4/2000 11:34:10 PM, 12A7
5dbd610a-b431-4c9e-874a-10668f3925f7, Đoàn Minh Khánh, True, 8/15/2001 3:38:53 AM, 12A7
07cd319a-a3e8-4dfb-817d-b4fe87584b12, Đặng Việt Hưng, True, 3/4/2006 2:07:43 AM, 10A8
dcc47061-1874-44b0-a573-8bf32045f553, Nguyễn Xuân Hùng, True, 4/3/2004 8:58:38 AM, 12A7
aff7f62b-382f-4416-9d7e-76f65b632d53, Nguyễn Việt Khánh, True, 7/30/2004 4:23:27 PM, 12A7
b9bd16f4-c1dd-4a33-b601-626034c2bab1, Trần Thiên Dũng, True, 1/23/2002 2:43:36 AM, 12A7
ccbfd175-37f4-49d8-8f0f-bfae8203727a, Đoàn Mai Lan, False, 10/30/2000 1:05:13 PM, 12A7
b8f6311e-1713-4514-8e17-0bc48a7e97ea, Nguyễn Xuân Ngọc, False, 1/14/2006 1:27:57 PM, 10A8
338aaf42-9e94-49c1-b3b2-5c85c7aac4ab, Trần Trúc Nguyên, False, 2/18/2003 1:20:40 PM, 12A7
206898ea-9b87-46b9-b6a0-112f341e1533, Hoàng Thảo Giang, False, 8/10/2004 7:43:06 PM, 12A7
7da78d22-0c43-419a-abfd-b0c93b65fdb7, Nguyễn Gia Đạt, True, 2/26/2005 6:27:41 PM, 10A8
0bab4afc-3279-4ff2-9749-63260574187b, Lưu Việt Hùng, True, 6/25/2001 9:16:48 AM, 12A7
9db4a3f5-9821-4adc-95e7-ac84f5c93394, Hoàng Trúc Trang, False, 2/7/2001 7:56:50 AM, 12A7
8a00cf53-1007-4307-98ba-cb44a0dc07e5, Võ Hoàng Bảo Khánh, True, 8/6/2002 5:45:17 AM, 12A7
ed86f4a3-bd58-4a23-be6b-9bf0a6d9bc54, Lưu Minh Hương, False, 2/12/2003 11:53:06 PM, 12A7
45ea5400-bdb7-42ce-8e3e-419e35a808c5, Nguyễn Xuân Đạt, True, 12/2/2004 10:19:41 PM, 12A7
77189e48-c4ea-4cef-9135-7e63ce7ff863, Nguyễn Đăng Bình, True, 1/23/2006 8:30:13 PM, 10A8
a94596d0-aee3-497a-9672-021d11a53ad3, Hồ Thảo Ngọc, False, 6/12/2001 9:53:20 AM, 12A7
809158ef-ee9e-4b36-b770-2e6746ebbd6c, Lưu Thiên Phúc, True, 6/4/2000 9:27:12 AM, 12A7
bcec4e6e-e86f-407d-a12a-fa82e9511071, Nguyễn Gia Bình, True, 2/16/2001 1:28:26 AM, 12A7
4822d512-2132-4dc5-95c1-53642ec5da27, Hoàng Việt Huy, True, 12/29/2005 11:20:52 AM, 10A8
4484510b-cdc1-4930-830a-0e6f0ae388a8, Nguyễn Gia Long, True, 10/21/2002 1:57:53 AM, 12A7
11429e82-f6b7-44a2-b45c-878d898e57cc, Đoàn Hương Thư, False, 5/18/2006 6:34:21 AM, 10A8
8762d0e9-02cd-444e-a42a-f208923435e5, Đặng Anh Duy, True, 3/7/2002 3:46:51 PM, 12A7
2ed5f181-59b7-40b2-a0c8-be7a327e89e5, Trần Thái Hoàng, True, 4/7/2005 1:54:46 AM, 10A8
7ea1ae38-1514-4447-b5c1-8b3e91de2348, Nguyễn Thị Thanh Hà, False, 9/18/2000 3:24:46 AM, 12A7
809e4b9c-731d-477e-8ea2-9bb0965f06bd, Hồ Thiên Sơn, True, 7/31/2002 7:53:29 AM, 12A7
92d9f493-44a9-4b21-af23-9caeecc6ace8, Lưu Việt Hoàng, True, 2/18/2003 5:59:00 PM, 12A7
94c7f29a-c254-4fac-bb78-19e78cbec508, Đoàn Minh Trang, False, 1/23/2000 1:50:18 AM, 12A7
c61ab530-01c0-4583-a88b-4c3db5885c95, Phạm Đăng Dũng, True, 2/5/2004 12:04:13 AM, 12A7
9311bb14-ff60-4919-80e3-84719b823e4c, Phạm Gia Sơn, True, 10/18/2001 6:50:49 AM, 12A7
f4c8f975-2d3b-4866-a57d-12b039c03f52, Lưu Thu Uyên, False, 3/24/2004 12:27:01 AM, 10A8
6ea1b302-8c52-4f5d-b391-5b6ed7e35d86, Trần Xuân Phúc, True, 8/19/2003 12:27:20 PM, 10A8
26076db0-6eda-4fc6-a7cd-2a0348304c0a, Nguyễn Hoàng Bảo Phúc, True, 4/10/2001 12:37:52 PM, 11A8
c354fb4f-6a7d-46fd-9ab7-91d2646036d2, Nguyễn Trúc Phương, False, 4/26/2003 11:47:21 PM, 10A8
84eb88ed-60d9-4484-9b77-13baafc84d5a, Lưu Minh Trang, False, 8/25/2002 6:08:02 AM, 10A8
8a179849-eba5-4c2d-b83d-ae167f2daf98, Nguyễn Thiên Hùng, True, 4/18/2001 2:49:32 PM, 11A8
3c936e58-7d3c-42aa-a1f9-1118af67df7d, Hoàng Thái Dũng, True, 8/28/2001 9:17:16 PM, 11A8
72bb3061-4e3b-4ba9-b9d1-5fd10cbef315, Hồ Thị Thanh Lan, False, 10/27/2003 11:12:08 AM, 10A8
ba1177c5-89f5-48c9-bd06-9658f472c88a, Võ Ngọc Ngọc, False, 3/11/2003 10:58:49 PM, 10A8
dc734bd6-6be7-4a68-a02d-c5642a8c8ee2, Võ Bảo Thư, False, 10/28/2000 1:37:17 AM, 12A8
e6d3b421-fe57-472b-878f-fd11e00f1c46, Đoàn Xuân Khánh, True, 2/17/2004 6:58:19 AM, 10A8
a2a41887-8207-458c-ba51-651a5f2636dd, Đặng Gia Long, True, 9/19/2004 8:47:22 AM, 10A8
acb1d4dd-d68a-4839-9e6e-eccffca0ab34, Nguyễn Thị Thanh Nguyên, False, 4/23/2006 4:58:26 PM, 10A8
edb3f7dc-1fb5-44f5-a969-2087324c7034, Lưu Xuân Hùng, True, 11/22/2004 7:22:11 AM, 10A8
fc701b97-162a-447e-bf97-d934bf6681a6, Đặng Đăng Đạt, True, 6/10/2002 3:08:21 PM, 10A8
740a0f9c-a563-4b19-8f37-627c0b22d7b9, Hoàng Hương Thư, False, 8/18/2003 5:48:22 PM, 10A8
3c21a456-6466-45d7-963c-f1329842525f, Đặng Xuân Châu, False, 9/9/2003 2:06:45 AM, 10A8
5c62e7dc-9251-48ab-bfa8-082f5dea2499, Đặng Thái Huy, True, 8/25/2002 9:39:32 AM, 10A8
7d463932-57a8-48dc-b136-b57df4de12f3, Hoàng Văn Hưng, True, 8/22/2000 3:32:47 AM, 12A8
bfb9d18d-426a-41ab-964e-faec0c598697, Nguyễn Minh Khánh, True, 5/7/2005 10:32:05 PM, 10A8
0668b751-2665-4119-904a-6f3d9e12aa60, Hồ Hoàng Bảo Huy, True, 5/29/2003 7:51:39 AM, 10A8
da00ec69-f465-4e86-a3df-d3532a037b89, Trần Văn Sơn, True, 9/18/2002 2:11:59 PM, 10A8
b31da4f5-1eca-4639-9456-b3dd95803546, Võ Mai Uyên, False, 7/26/2005 8:03:04 AM, 10A8
80080c15-68f8-45e1-a29f-e31d1cae64cc, Nguyễn Ngọc Phương, False, 10/7/2006 8:15:00 AM, 10A8
3db73bbb-a137-4a57-9f15-d3cd18afc714, Lê Thu Châu, False, 8/9/2004 10:11:43 PM, 10A8
a73a4560-9414-4fcf-8154-c46b24d294fa, Hồ Minh Phúc, True, 7/11/2002 5:21:32 PM, 10A8
5661a252-2864-4ac5-aadb-77e07581e920, Nguyễn Xuân Hùng, True, 4/9/2003 6:02:13 AM, 10A8
2338e207-1e43-4473-8ea4-4794de46fc15, Lưu Bảo Giang, False, 10/8/2003 10:40:47 PM, 10A8
ec239385-c5aa-4740-89d7-9edf1499eda1, Hoàng Văn Dũng, True, 8/11/2002 6:49:51 AM, 10A8
a5f044f0-3be6-4196-b631-794287d78abf, Hoàng Minh Hương, False, 6/20/2001 4:44:53 PM, 11A8
f21b5a52-7445-4e92-b178-6276442cdf58, Trần Thái Anh, True, 10/23/2002 5:12:56 AM, 11A8
f41453a5-3a08-4722-a11e-7c91fe0c6a44, Đoàn Thiên Dương, True, 12/13/2006 11:11:57 AM, 10A9
a8faf9fd-f21b-497f-b8b7-234261ff257a, Hoàng Anh Huy, True, 4/26/2005 7:20:26 AM, 11A8
5a5bee6e-391a-4d05-b69f-9b5ceea863a7, Lưu Mai Châu, False, 1/29/2000 4:02:10 PM, 12A8
6370afdb-c8de-4495-bce1-953534ed7dc3, Đoàn Trúc Linh, False, 4/21/2000 11:24:57 AM, 12A8
08a88f8b-ea81-4f65-be86-fd6d75125ebc, Hồ Thị Thanh Hà, False, 8/19/2000 8:02:10 PM, 12A8
fb4a80cc-ba2b-43e2-af76-13bda92c1241, Phạm Minh Long, True, 2/6/2006 7:54:06 AM, 10A9
207ae41d-6b03-4e28-92a1-34dfb32072cb, Đoàn Trúc Phương, False, 8/10/2006 7:12:18 PM, 10A9
8a290686-9a41-45a2-ab89-eb7b867f6862, Hồ Văn Bình, True, 2/25/2001 10:42:19 AM, 11A8
d95cfbc3-ef48-4af7-9d57-7dc64218e3bc, Nguyễn Thiên Khánh, True, 9/11/2005 5:19:44 AM, 11A8
8c25f9bf-dfea-422e-aa0a-2e28b7c2f1b0, Đoàn Thu Phương, False, 3/2/2005 1:44:49 PM, 11A8
ebfd20df-002b-491d-948c-dab08a9decb0, Đoàn Ngọc Trang, False, 6/5/2003 11:37:55 AM, 11A8
2032e4cc-2456-4388-bfcb-2f916ec39bcc, Võ Trúc Vy, False, 11/25/2000 6:56:03 AM, 12A8
21fc4245-fe98-463d-929f-0b0f6672bcd2, Đặng Thảo Nguyên, False, 4/20/2005 7:24:17 AM, 11A8
f9c1ab26-cb20-4a1f-b149-6f518488f891, Đặng Thu Phương, False, 5/1/2004 3:07:35 PM, 11A8
2f650239-5eb9-4c59-bed1-4dfc162d9de6, Nguyễn Xuân Thanh, False, 10/6/2000 11:23:41 PM, 12A8
32634cd6-1ce0-45a1-adae-a907e5901aaa, Hồ Hương Lan, False, 8/1/2000 3:11:49 AM, 12A8
c3b4045d-cf00-4e56-b911-db6583897763, Phạm Trúc Châu, False, 10/14/2005 9:04:01 PM, 11A8
3ce5ad14-9c8e-4552-8fdf-bcc32882bf6c, Phạm Thảo Khánh, False, 7/9/2003 12:21:46 PM, 11A8
1ae32665-35f5-40d9-bea8-c15949e50982, Đặng Hoàng Bảo Hùng, True, 9/5/2004 10:30:50 AM, 11A8
f83228b9-debc-4b0f-8893-c2d393a8b65e, Lưu Đăng Hưng, True, 6/15/2006 2:04:56 PM, 10A9
981cfbaa-0e72-4477-8837-e0de0bd5692f, Đoàn Thu Linh, False, 10/31/2004 11:12:21 PM, 11A8
397aff02-4f17-454a-ae7e-1daaa0a8e5d2, Nguyễn Trúc Thanh, False, 7/18/2000 11:35:30 PM, 12A8
9702c7c3-2b01-45e5-8e0f-2cc0ff56faba, Hoàng Văn Sơn, True, 9/15/2001 1:18:50 AM, 11A8
906f62ac-dba1-489e-86d4-5084c3165b28, Đoàn Hoàng Bảo Nguyên, True, 1/4/2003 10:33:52 PM, 11A8
eab6143b-2585-4f32-8c85-5e40ca8c7e66, Phạm Mai Hà, False, 4/15/2006 3:23:39 PM, 10A9
08924421-b93d-49c3-9afc-3ea887e0ff7c, Hồ Hoàng Bảo Dũng, True, 4/17/2001 6:12:53 AM, 11A8
c7c89be5-57cd-4aff-b90b-78d5829ec463, Nguyễn Xuân Anh, True, 1/5/2005 11:11:16 PM, 11A8
b91aa9ab-5eee-4b32-81f3-daa30926bd6a, Đặng Gia Bình, True, 3/8/2003 2:59:16 AM, 11A8
86597d61-ed6b-4008-843c-7a8d6f68b7fd, Hoàng Thiên Long, True, 10/20/2003 2:22:43 PM, 11A8
2c386cdf-c646-4dfa-afec-4553c86ffc56, Phạm Xuân Vân, False, 1/22/2004 6:48:15 PM, 11A8
7aed91f7-5970-4438-a211-207cb5838c52, Nguyễn Anh Hùng, True, 5/5/2002 5:24:52 PM, 11A8
9f1f5b87-b4f3-49bb-9b1a-45839ffb77b4, Đoàn Việt Thành, True, 12/12/2003 6:53:09 PM, 11A8
bf850752-c0d3-428d-8b2e-aef40bb844dd, Lưu Thái Hùng, True, 6/14/2002 6:18:00 PM, 11A8
1d4d3049-b80a-4da4-bf76-352ccbc11f6c, Võ Xuân Hoàng, True, 3/2/2002 8:09:05 AM, 11A8
3e326a26-c678-404c-b615-8a9607e19fb0, Đặng Thị Thanh Thanh, False, 12/21/2004 2:42:53 AM, 11A8
86995c12-8d13-4d25-bdc2-23837a50e60c, Đoàn Thị Thanh Khánh, False, 12/21/2006 12:13:10 PM, 10A9
4cddf82f-bbec-4feb-ac1b-40a728670d32, Nguyễn Bảo Nguyên, False, 11/27/2001 4:46:37 PM, 11A8
072eb77a-f96c-4591-ab96-1776fb958ceb, Đặng Minh Dũng, True, 8/5/2000 9:44:38 AM, 12A8
025dc758-f16d-422e-ac22-c274e1000e77, Nguyễn Mai Linh, False, 5/29/2003 2:19:46 PM, 11A8
98c579b0-1359-4fc8-9897-0adae16720b0, Trần Ngọc Ngọc, False, 2/23/2001 5:19:43 AM, 11A8
19fc6168-7c15-4451-b831-807c2246804b, Trần Thảo Linh, False, 2/13/2001 3:08:14 PM, 11A8
c5e93579-d958-4587-98bf-71136e6f2a8b, Võ Việt Hùng, True, 6/10/2003 7:17:55 AM, 11A8
bf30a5de-e3d6-4abf-bf7f-6d6ea7d472aa, Nguyễn Hương Ngọc, False, 3/27/2005 9:29:44 AM, 11A8
8edc69e2-87f8-43f6-bb9c-20afe680f79a, Nguyễn Thiên Nguyên, True, 7/9/2006 8:07:07 AM, 10A9
772445d6-8977-4c1e-bcb6-bc42ddccd566, Lưu Thu Uyên, False, 7/1/2005 3:46:12 AM, 11A8
ca032abc-6a1b-43b7-b3d1-b6af9404ffaf, Trần Thái Huy, True, 10/19/2004 4:12:52 PM, 11A8
638af1bb-a225-4b8a-ac2d-54a355d442ae, Nguyễn Hương Thư, False, 1/29/2002 3:26:24 PM, 11A8
a5aefc32-a212-4392-83c3-6e2786f4e666, Nguyễn Thảo Hương, False, 10/1/2001 4:25:29 AM, 11A8
e77cb6b8-c457-4f66-a05f-57ffd75fb8a5, Lê Phương Vy, False, 5/13/2002 2:39:06 PM, 11A8
50e43b88-eeb2-4835-be9f-923180068070, Nguyễn Văn Đạt, True, 12/28/2004 1:27:36 AM, 11A8
cca00365-b263-4d32-9d02-5659866c2dfe, Trần Hoàng Bảo Hưng, True, 9/1/2000 7:26:06 PM, 12A8
4a03618c-2b31-4f33-be45-d828f38e6e99, Đoàn Đăng Duy, True, 7/13/2004 4:17:55 AM, 11A8
1806a578-5081-47dc-bd13-b9cefb789ee1, Võ Hoàng Bảo Dương, True, 8/23/2000 10:20:39 PM, 12A8
1a67f4f9-709f-49f2-8582-6770a63680ef, Võ Mai Trang, False, 7/12/2001 6:30:29 PM, 11A8
